hskk_tier	word	hsk_level
HSKK 中级	…分之…	HSK4
HSKK 中级	…极了	HSK3
HSKK 中级	一再	HSK4
HSKK 中级	一切	HSK3
HSKK 中级	一律	HSK4
HSKK 中级	一方面	HSK3
HSKK 中级	一致	HSK4
HSKK 中级	一般来说	HSK4
HSKK 中级	万一	HSK4
HSKK 中级	丈夫	HSK4
HSKK 中级	上个月	HSK4
HSKK 中级	上升	HSK3
HSKK 中级	上去	HSK3
HSKK 中级	上来	HSK3
HSKK 中级	上楼	HSK4
HSKK 中级	上衣	HSK3
HSKK 中级	上门	HSK4
HSKK 中级	上面	HSK3
HSKK 中级	下个月	HSK4
HSKK 中级	下去	HSK3
HSKK 中级	下来	HSK3
HSKK 中级	下楼	HSK4
HSKK 中级	下载	HSK4
HSKK 中级	下降	HSK4
HSKK 中级	下面	HSK3
HSKK 中级	不仅	HSK3
HSKK 中级	不光	HSK3
HSKK 中级	不在乎	HSK4
HSKK 中级	不安	HSK3
HSKK 中级	不得不	HSK3
HSKK 中级	不必	HSK3
HSKK 中级	不断	HSK3
HSKK 中级	不然	HSK4
HSKK 中级	不管	HSK4
HSKK 中级	不要紧	HSK4
HSKK 中级	不论	HSK3
HSKK 中级	专业	HSK3
HSKK 中级	专家	HSK3
HSKK 中级	专心	HSK4
HSKK 中级	专门	HSK3
HSKK 中级	专题	HSK3
HSKK 中级	世界	HSK3
HSKK 中级	世界杯	HSK3
HSKK 中级	世纪	HSK3
HSKK 中级	业余	HSK4
HSKK 中级	东部	HSK3
HSKK 中级	两边	HSK4
HSKK 中级	严	HSK4
HSKK 中级	严格	HSK4
HSKK 中级	严重	HSK4
HSKK 中级	个人	HSK3
HSKK 中级	个体	HSK4
HSKK 中级	个别	HSK4
HSKK 中级	个性	HSK3
HSKK 中级	中介	HSK4
HSKK 中级	中华民族	HSK3
HSKK 中级	中奖	HSK4
HSKK 中级	中部	HSK3
HSKK 中级	丰富	HSK3
HSKK 中级	临时	HSK4
HSKK 中级	为	HSK2
HSKK 中级	为了	HSK3
HSKK 中级	主任	HSK3
HSKK 中级	主动	HSK3
HSKK 中级	主席	HSK4
HSKK 中级	主张	HSK3
HSKK 中级	主意	HSK3
HSKK 中级	主持	HSK3
HSKK 中级	主题	HSK4
HSKK 中级	举办	HSK3
HSKK 中级	久	HSK3
HSKK 中级	义务	HSK4
HSKK 中级	之一	HSK4
HSKK 中级	之前	HSK4
HSKK 中级	之后	HSK4
HSKK 中级	之间	HSK4
HSKK 中级	乐	HSK3
HSKK 中级	乐观	HSK3
HSKK 中级	乐趣	HSK4
HSKK 中级	乐队	HSK3
HSKK 中级	书架	HSK3
HSKK 中级	乱	HSK3
HSKK 中级	了不起	HSK4
HSKK 中级	了解	HSK4
HSKK 中级	争	HSK3
HSKK 中级	争取	HSK3
HSKK 中级	争论	HSK4
HSKK 中级	事业	HSK3
HSKK 中级	事件	HSK3
HSKK 中级	事先	HSK4
HSKK 中级	事实	HSK3
HSKK 中级	事实上	HSK3
HSKK 中级	事故	HSK3
HSKK 中级	事物	HSK4
HSKK 中级	二手	HSK4
HSKK 中级	于是	HSK4
HSKK 中级	互相	HSK3
HSKK 中级	互联网	HSK3
HSKK 中级	五颜六色	HSK4
HSKK 中级	亚运会	HSK4
HSKK 中级	些	HSK4
HSKK 中级	交往	HSK3
HSKK 中级	交换	HSK4
HSKK 中级	交易	HSK3
HSKK 中级	交流	HSK3
HSKK 中级	交警	HSK3
HSKK 中级	交费	HSK3
HSKK 中级	交际	HSK4
HSKK 中级	产品	HSK4
HSKK 中级	产生	HSK3
HSKK 中级	京剧	HSK3
HSKK 中级	亲	HSK3
HSKK 中级	亲人	HSK3
HSKK 中级	亲切	HSK3
HSKK 中级	亲密	HSK4
HSKK 中级	亲爱	HSK4
HSKK 中级	亲自	HSK3
HSKK 中级	人员	HSK3
HSKK 中级	人家	HSK4
HSKK 中级	人工	HSK3
HSKK 中级	人才	HSK3
HSKK 中级	人民	HSK3
HSKK 中级	人民币	HSK3
HSKK 中级	人生	HSK3
HSKK 中级	人类	HSK3
HSKK 中级	人群	HSK3
HSKK 中级	仅	HSK3
HSKK 中级	仅仅	HSK3
HSKK 中级	仍	HSK3
HSKK 中级	仍然	HSK3
HSKK 中级	从事	HSK3
HSKK 中级	从前	HSK3
HSKK 中级	从来	HSK3
HSKK 中级	从此	HSK4
HSKK 中级	付	HSK3
HSKK 中级	付出	HSK4
HSKK 中级	代	HSK3
HSKK 中级	代替	HSK4
HSKK 中级	代表	HSK3
HSKK 中级	代表团	HSK3
HSKK 中级	以内	HSK4
HSKK 中级	以及	HSK4
HSKK 中级	以来	HSK3
HSKK 中级	价值	HSK3
HSKK 中级	价格	HSK3
HSKK 中级	价钱	HSK3
HSKK 中级	任	HSK3
HSKK 中级	任何	HSK3
HSKK 中级	任务	HSK3
HSKK 中级	企业	HSK4
HSKK 中级	优势	HSK3
HSKK 中级	优点	HSK3
HSKK 中级	优秀	HSK4
HSKK 中级	优美	HSK4
HSKK 中级	优良	HSK4
HSKK 中级	伙	HSK4
HSKK 中级	伙伴	HSK4
HSKK 中级	会员	HSK3
HSKK 中级	会计	HSK4
HSKK 中级	会议	HSK3
HSKK 中级	伞	HSK4
HSKK 中级	伟大	HSK3
HSKK 中级	传	HSK3
HSKK 中级	传播	HSK3
HSKK 中级	传来	HSK3
HSKK 中级	传统	HSK4
HSKK 中级	传说	HSK3
HSKK 中级	伤	HSK3
HSKK 中级	伤害	HSK4
HSKK 中级	伤心	HSK3
HSKK 中级	似乎	HSK4
HSKK 中级	似的	HSK4
HSKK 中级	位于	HSK4
HSKK 中级	位置	HSK4
HSKK 中级	体会	HSK3
HSKK 中级	体操	HSK4
HSKK 中级	体检	HSK4
HSKK 中级	体现	HSK3
HSKK 中级	体重	HSK4
HSKK 中级	体验	HSK3
HSKK 中级	作为	HSK4
HSKK 中级	作出	HSK4
HSKK 中级	作品	HSK3
HSKK 中级	作者	HSK3
HSKK 中级	使	HSK3
HSKK 中级	使劲	HSK4
HSKK 中级	供应	HSK4
HSKK 中级	依然	HSK4
HSKK 中级	依靠	HSK4
HSKK 中级	促使	HSK4
HSKK 中级	促进	HSK4
HSKK 中级	促销	HSK4
HSKK 中级	保	HSK3
HSKK 中级	保存	HSK3
HSKK 中级	保守	HSK4
HSKK 中级	保安	HSK3
HSKK 中级	保密	HSK4
HSKK 中级	保护	HSK3
HSKK 中级	保持	HSK3
HSKK 中级	保留	HSK3
HSKK 中级	保证	HSK3
HSKK 中级	保险	HSK3
HSKK 中级	信	HSK2
HSKK 中级	信任	HSK3
HSKK 中级	信封	HSK3
HSKK 中级	俩	HSK4
HSKK 中级	修	HSK3
HSKK 中级	修改	HSK3
HSKK 中级	修理	HSK4
HSKK 中级	倍	HSK4
HSKK 中级	倒车	HSK4
HSKK 中级	倒闭	HSK4
HSKK 中级	值	HSK3
HSKK 中级	值得	HSK3
HSKK 中级	假如	HSK4
HSKK 中级	做客	HSK3
HSKK 中级	做梦	HSK4
HSKK 中级	停下	HSK4
HSKK 中级	停止	HSK3
HSKK 中级	健身	HSK4
HSKK 中级	儿童	HSK4
HSKK 中级	兄弟	HSK4
HSKK 中级	充分	HSK4
HSKK 中级	充满	HSK3
HSKK 中级	充电	HSK4
HSKK 中级	充电器	HSK4
HSKK 中级	先进	HSK3
HSKK 中级	光	HSK3
HSKK 中级	光临	HSK4
HSKK 中级	光明	HSK3
HSKK 中级	光盘	HSK4
HSKK 中级	克服	HSK3
HSKK 中级	免费	HSK4
HSKK 中级	全场	HSK3
HSKK 中级	全球	HSK3
HSKK 中级	全面	HSK3
HSKK 中级	公元	HSK4
HSKK 中级	公共	HSK3
HSKK 中级	公务员	HSK3
HSKK 中级	公布	HSK3
HSKK 中级	公开	HSK3
HSKK 中级	公民	HSK3
HSKK 中级	共	HSK4
HSKK 中级	共同	HSK3
HSKK 中级	共有	HSK3
HSKK 中级	关	HSK1
HSKK 中级	关于	HSK4
HSKK 中级	关注	HSK3
HSKK 中级	关系	HSK3
HSKK 中级	关闭	HSK4
HSKK 中级	兴奋	HSK4
HSKK 中级	兴趣	HSK4
HSKK 中级	兵	HSK4
HSKK 中级	其余	HSK4
HSKK 中级	其实	HSK3
HSKK 中级	其次	HSK3
HSKK 中级	具体	HSK3
HSKK 中级	具备	HSK4
HSKK 中级	具有	HSK3
HSKK 中级	典型	HSK4
HSKK 中级	养成	HSK4
HSKK 中级	内	HSK3
HSKK 中级	内容	HSK3
HSKK 中级	内心	HSK3
HSKK 中级	内科	HSK4
HSKK 中级	内部	HSK4
HSKK 中级	再三	HSK4
HSKK 中级	写作	HSK3
HSKK 中级	农业	HSK3
HSKK 中级	农村	HSK3
HSKK 中级	农民	HSK3
HSKK 中级	冬季	HSK4
HSKK 中级	冰	HSK4
HSKK 中级	冰箱	HSK4
HSKK 中级	冰雪	HSK4
HSKK 中级	冲	HSK4
HSKK 中级	决定	HSK3
HSKK 中级	决心	HSK3
HSKK 中级	决赛	HSK3
HSKK 中级	冷静	HSK4
HSKK 中级	准	HSK3
HSKK 中级	准时	HSK4
HSKK 中级	凉水	HSK3
HSKK 中级	减	HSK4
HSKK 中级	减少	HSK4
HSKK 中级	减肥	HSK4
HSKK 中级	几乎	HSK4
HSKK 中级	出口	HSK2
HSKK 中级	出售	HSK4
HSKK 中级	出席	HSK4
HSKK 中级	出色	HSK4
HSKK 中级	刀	HSK3
HSKK 中级	分为	HSK4
HSKK 中级	分别	HSK3
HSKK 中级	分布	HSK4
HSKK 中级	分手	HSK4
HSKK 中级	分散	HSK4
HSKK 中级	分组	HSK3
HSKK 中级	分配	HSK3
HSKK 中级	切	HSK4
HSKK 中级	划	HSK4
HSKK 中级	划船	HSK3
HSKK 中级	列	HSK4
HSKK 中级	列为	HSK4
HSKK 中级	列入	HSK4
HSKK 中级	列车	HSK4
HSKK 中级	创业	HSK3
HSKK 中级	创作	HSK3
HSKK 中级	创新	HSK3
HSKK 中级	创造	HSK3
HSKK 中级	初	HSK3
HSKK 中级	初中	HSK3
HSKK 中级	初步	HSK3
HSKK 中级	初级	HSK3
HSKK 中级	初（初一）	HSK3
HSKK 中级	判断	HSK3
HSKK 中级	利息	HSK4
HSKK 中级	利用	HSK3
HSKK 中级	利益	HSK4
HSKK 中级	到底	HSK3
HSKK 中级	到达	HSK3
HSKK 中级	制作	HSK3
HSKK 中级	制定	HSK3
HSKK 中级	制度	HSK3
HSKK 中级	制订	HSK4
HSKK 中级	制造	HSK3
HSKK 中级	刷	HSK4
HSKK 中级	刷子	HSK4
HSKK 中级	刷牙	HSK4
HSKK 中级	刺	HSK4
HSKK 中级	刺激	HSK4
HSKK 中级	前后	HSK3
HSKK 中级	前头	HSK4
HSKK 中级	前往	HSK3
HSKK 中级	前进	HSK3
HSKK 中级	前途	HSK4
HSKK 中级	前面	HSK3
HSKK 中级	剧场	HSK3
HSKK 中级	力	HSK3
HSKK 中级	力气	HSK4
HSKK 中级	力量	HSK3
HSKK 中级	办事	HSK4
HSKK 中级	办理	HSK3
HSKK 中级	功夫	HSK3
HSKK 中级	功能	HSK3
HSKK 中级	功课	HSK3
HSKK 中级	加入	HSK4
HSKK 中级	加工	HSK3
HSKK 中级	加强	HSK3
HSKK 中级	加快	HSK3
HSKK 中级	加油站	HSK4
HSKK 中级	加班	HSK4
HSKK 中级	动人	HSK3
HSKK 中级	动力	HSK3
HSKK 中级	动摇	HSK4
HSKK 中级	动画片	HSK4
HSKK 中级	勇敢	HSK4
HSKK 中级	勇气	HSK4
HSKK 中级	包含	HSK4
HSKK 中级	包括	HSK4
HSKK 中级	包裹	HSK4
HSKK 中级	化（现代化）	HSK3
HSKK 中级	北部	HSK3
HSKK 中级	区	HSK3
HSKK 中级	区别	HSK3
HSKK 中级	医学	HSK4
HSKK 中级	医疗	HSK4
HSKK 中级	千万	HSK3
HSKK 中级	升	HSK3
HSKK 中级	华人	HSK3
HSKK 中级	单	HSK4
HSKK 中级	单元	HSK3
HSKK 中级	单独	HSK4
HSKK 中级	单纯	HSK4
HSKK 中级	单调	HSK4
HSKK 中级	南部	HSK3
HSKK 中级	卫生	HSK3
HSKK 中级	卫生间	HSK3
HSKK 中级	印象	HSK3
HSKK 中级	危害	HSK3
HSKK 中级	危险	HSK3
HSKK 中级	即将	HSK4
HSKK 中级	却	HSK4
HSKK 中级	卷	HSK4
HSKK 中级	厂	HSK3
HSKK 中级	历史	HSK4
HSKK 中级	压	HSK3
HSKK 中级	压力	HSK3
HSKK 中级	厘米	HSK4
HSKK 中级	厚	HSK4
HSKK 中级	原则	HSK4
HSKK 中级	原料	HSK4
HSKK 中级	去世	HSK3
HSKK 中级	县	HSK4
HSKK 中级	参与	HSK4
HSKK 中级	参考	HSK4
HSKK 中级	及时	HSK3
HSKK 中级	及格	HSK4
HSKK 中级	双	HSK3
HSKK 中级	双方	HSK3
HSKK 中级	反	HSK4
HSKK 中级	反复	HSK3
HSKK 中级	反对	HSK3
HSKK 中级	反应	HSK3
HSKK 中级	反映	HSK4
HSKK 中级	反正	HSK3
HSKK 中级	反而	HSK4
HSKK 中级	发出	HSK3
HSKK 中级	发动	HSK3
HSKK 中级	发展	HSK3
HSKK 中级	发挥	HSK4
HSKK 中级	发明	HSK3
HSKK 中级	发烧	HSK4
HSKK 中级	发生	HSK3
HSKK 中级	发票	HSK4
HSKK 中级	发表	HSK3
HSKK 中级	发言	HSK3
HSKK 中级	发达	HSK3
HSKK 中级	发送	HSK3
HSKK 中级	取消	HSK3
HSKK 中级	受	HSK3
HSKK 中级	受不了	HSK4
HSKK 中级	受伤	HSK3
HSKK 中级	变为	HSK3
HSKK 中级	变化	HSK3
HSKK 中级	口袋	HSK4
HSKK 中级	口语	HSK4
HSKK 中级	古	HSK3
HSKK 中级	古代	HSK3
HSKK 中级	另一方面	HSK3
HSKK 中级	另外	HSK3
HSKK 中级	只	HSK2
HSKK 中级	只好	HSK3
HSKK 中级	只是	HSK3
HSKK 中级	只有	HSK3
HSKK 中级	召开	HSK4
HSKK 中级	可乐	HSK3
HSKK 中级	可见	HSK4
HSKK 中级	可靠	HSK3
HSKK 中级	台	HSK3
HSKK 中级	台上	HSK4
HSKK 中级	台阶	HSK4
HSKK 中级	叶子	HSK4
HSKK 中级	号码	HSK4
HSKK 中级	吃惊	HSK4
HSKK 中级	各	HSK3
HSKK 中级	各个	HSK4
HSKK 中级	各位	HSK3
HSKK 中级	各地	HSK3
HSKK 中级	各种	HSK3
HSKK 中级	各自	HSK3
HSKK 中级	合	HSK3
HSKK 中级	合作	HSK3
HSKK 中级	合同	HSK4
HSKK 中级	合格	HSK3
HSKK 中级	合法	HSK3
HSKK 中级	合理	HSK3
HSKK 中级	同情	HSK4
HSKK 中级	同意	HSK3
HSKK 中级	名人	HSK4
HSKK 中级	名片	HSK4
HSKK 中级	名牌儿	HSK4
HSKK 中级	后头	HSK4
HSKK 中级	后年	HSK3
HSKK 中级	后果	HSK3
HSKK 中级	后面	HSK3
HSKK 中级	否则	HSK4
HSKK 中级	否定	HSK3
HSKK 中级	否认	HSK3
HSKK 中级	含	HSK4
HSKK 中级	含义	HSK4
HSKK 中级	含有	HSK4
HSKK 中级	含量	HSK4
HSKK 中级	听众	HSK3
HSKK 中级	听力	HSK3
HSKK 中级	吵	HSK3
HSKK 中级	吵架	HSK3
HSKK 中级	吸	HSK4
HSKK 中级	吸引	HSK4
HSKK 中级	吸收	HSK4
HSKK 中级	吸烟	HSK4
HSKK 中级	吸管	HSK4
HSKK 中级	告别	HSK3
HSKK 中级	员工	HSK3
HSKK 中级	员（服务员）	HSK3
HSKK 中级	周围	HSK3
HSKK 中级	味儿	HSK4
HSKK 中级	呼吸	HSK4
HSKK 中级	命运	HSK3
HSKK 中级	和平	HSK3
HSKK 中级	咖啡	HSK3
HSKK 中级	咸	HSK4
HSKK 中级	品质	HSK4
HSKK 中级	哪	HSK1
HSKK 中级	哪怕	HSK4
HSKK 中级	售货员	HSK4
HSKK 中级	唱片	HSK4
HSKK 中级	商业	HSK3
HSKK 中级	商务	HSK4
HSKK 中级	商品	HSK3
HSKK 中级	啤酒	HSK3
HSKK 中级	善于	HSK4
HSKK 中级	善良	HSK4
HSKK 中级	喜爱	HSK4
HSKK 中级	嘴巴	HSK4
HSKK 中级	器官	HSK4
HSKK 中级	回复	HSK4
HSKK 中级	因此	HSK3
HSKK 中级	团	HSK3
HSKK 中级	团体	HSK3
HSKK 中级	团结	HSK3
HSKK 中级	困	HSK3
HSKK 中级	困难	HSK3
HSKK 中级	围	HSK3
HSKK 中级	围巾	HSK4
HSKK 中级	固定	HSK4
HSKK 中级	国内	HSK3
HSKK 中级	国庆	HSK3
HSKK 中级	图	HSK3
HSKK 中级	图案	HSK4
HSKK 中级	图画	HSK3
HSKK 中级	圆	HSK4
HSKK 中级	圆满	HSK4
HSKK 中级	圈	HSK4
HSKK 中级	土	HSK3
HSKK 中级	土地	HSK4
HSKK 中级	在乎	HSK4
HSKK 中级	在于	HSK4
HSKK 中级	地下	HSK4
HSKK 中级	地位	HSK4
HSKK 中级	地区	HSK3
HSKK 中级	地方	HSK1
HSKK 中级	地面	HSK4
HSKK 中级	场合	HSK3
HSKK 中级	场所	HSK3
HSKK 中级	坚决	HSK3
HSKK 中级	坚固	HSK4
HSKK 中级	坚强	HSK3
HSKK 中级	坚持	HSK3
HSKK 中级	垃圾	HSK4
HSKK 中级	型	HSK4
HSKK 中级	型号	HSK4
HSKK 中级	城	HSK3
HSKK 中级	城市	HSK3
HSKK 中级	培养	HSK4
HSKK 中级	培育	HSK4
HSKK 中级	培训	HSK4
HSKK 中级	培训班	HSK4
HSKK 中级	基本	HSK3
HSKK 中级	基本上	HSK3
HSKK 中级	基础	HSK3
HSKK 中级	堵	HSK4
HSKK 中级	堵车	HSK4
HSKK 中级	塑料	HSK4
HSKK 中级	塑料袋	HSK4
HSKK 中级	填	HSK4
HSKK 中级	填空	HSK4
HSKK 中级	增加	HSK3
HSKK 中级	增长	HSK3
HSKK 中级	士兵	HSK4
HSKK 中级	声明	HSK3
HSKK 中级	处	HSK4
HSKK 中级	处于	HSK4
HSKK 中级	处理	HSK3
HSKK 中级	复制	HSK4
HSKK 中级	复印	HSK3
HSKK 中级	复杂	HSK3
HSKK 中级	夏季	HSK4
HSKK 中级	外交	HSK3
HSKK 中级	外交官	HSK4
HSKK 中级	外套	HSK4
HSKK 中级	外文	HSK3
HSKK 中级	外汇	HSK4
HSKK 中级	外面	HSK3
HSKK 中级	多年	HSK4
HSKK 中级	多样	HSK4
HSKK 中级	多次	HSK4
HSKK 中级	多种	HSK4
HSKK 中级	大众	HSK4
HSKK 中级	大会	HSK4
HSKK 中级	大使馆	HSK3
HSKK 中级	大哥	HSK4
HSKK 中级	大型	HSK4
HSKK 中级	大多	HSK4
HSKK 中级	大夫	HSK3
HSKK 中级	大妈	HSK4
HSKK 中级	大姐	HSK4
HSKK 中级	大巴	HSK4
HSKK 中级	大方	HSK4
HSKK 中级	大楼	HSK4
HSKK 中级	大概	HSK3
HSKK 中级	大爷	HSK4
HSKK 中级	大约	HSK3
HSKK 中级	大规模	HSK4
HSKK 中级	大陆	HSK4
HSKK 中级	天真	HSK4
HSKK 中级	天空	HSK3
HSKK 中级	夫人	HSK4
HSKK 中级	夫妇	HSK4
HSKK 中级	夫妻	HSK4
HSKK 中级	失业	HSK4
HSKK 中级	失去	HSK3
HSKK 中级	失望	HSK4
HSKK 中级	失败	HSK4
HSKK 中级	头	HSK2
HSKK 中级	头脑	HSK3
HSKK 中级	奇怪	HSK3
HSKK 中级	奋斗	HSK4
HSKK 中级	奖	HSK4
HSKK 中级	奖学金	HSK4
HSKK 中级	奖金	HSK4
HSKK 中级	套餐	HSK4
HSKK 中级	女士	HSK4
HSKK 中级	女子	HSK3
HSKK 中级	奶茶	HSK3
HSKK 中级	好友	HSK4
HSKK 中级	好奇	HSK3
HSKK 中级	如今	HSK4
HSKK 中级	如何	HSK3
HSKK 中级	妻子	HSK4
HSKK 中级	始终	HSK3
HSKK 中级	姐妹	HSK4
HSKK 中级	姑娘	HSK3
HSKK 中级	婚礼	HSK4
HSKK 中级	媒体	HSK3
HSKK 中级	子女	HSK3
HSKK 中级	字母	HSK4
HSKK 中级	存	HSK3
HSKK 中级	存在	HSK3
HSKK 中级	孙女	HSK4
HSKK 中级	孙子	HSK4
HSKK 中级	季	HSK4
HSKK 中级	季度	HSK4
HSKK 中级	季节	HSK4
HSKK 中级	学分	HSK4
HSKK 中级	学年	HSK4
HSKK 中级	学时	HSK4
HSKK 中级	学术	HSK4
HSKK 中级	学费	HSK3
HSKK 中级	学问	HSK4
HSKK 中级	宁静	HSK4
HSKK 中级	守	HSK4
HSKK 中级	安	HSK4
HSKK 中级	安排	HSK3
HSKK 中级	安置	HSK4
HSKK 中级	安装	HSK3
HSKK 中级	完善	HSK3
HSKK 中级	完整	HSK3
HSKK 中级	完美	HSK3
HSKK 中级	官	HSK4
HSKK 中级	官方	HSK4
HSKK 中级	定	HSK4
HSKK 中级	定期	HSK3
HSKK 中级	宝	HSK4
HSKK 中级	宝宝	HSK4
HSKK 中级	宝石	HSK4
HSKK 中级	宝贝	HSK4
HSKK 中级	宝贵	HSK4
HSKK 中级	实力	HSK3
HSKK 中级	实施	HSK4
HSKK 中级	实用	HSK4
HSKK 中级	实行	HSK3
HSKK 中级	实际上	HSK3
HSKK 中级	实验	HSK3
HSKK 中级	实验室	HSK3
HSKK 中级	客观	HSK3
HSKK 中级	宣传	HSK3
HSKK 中级	宣布	HSK3
HSKK 中级	室	HSK3
HSKK 中级	害怕	HSK3
HSKK 中级	家乡	HSK3
HSKK 中级	家具	HSK3
HSKK 中级	家务	HSK4
HSKK 中级	家属	HSK3
HSKK 中级	容易	HSK3
HSKK 中级	宽	HSK4
HSKK 中级	宽广	HSK4
HSKK 中级	寄	HSK4
HSKK 中级	密	HSK4
HSKK 中级	密切	HSK4
HSKK 中级	密码	HSK4
HSKK 中级	富	HSK3
HSKK 中级	寒假	HSK4
HSKK 中级	寒冷	HSK4
HSKK 中级	对于	HSK4
HSKK 中级	对付	HSK4
HSKK 中级	对待	HSK3
HSKK 中级	对手	HSK3
HSKK 中级	对方	HSK3
HSKK 中级	对比	HSK4
HSKK 中级	对象	HSK3
HSKK 中级	寻找	HSK4
HSKK 中级	导游	HSK4
HSKK 中级	导演	HSK3
HSKK 中级	导致	HSK4
HSKK 中级	封闭	HSK4
HSKK 中级	将来	HSK3
HSKK 中级	将近	HSK3
HSKK 中级	小伙子	HSK4
HSKK 中级	小吃	HSK4
HSKK 中级	小型	HSK4
HSKK 中级	就业	HSK3
HSKK 中级	尺	HSK4
HSKK 中级	尺子	HSK4
HSKK 中级	尺寸	HSK4
HSKK 中级	尽力	HSK4
HSKK 中级	尽快	HSK4
HSKK 中级	尽量	HSK3
HSKK 中级	尾巴	HSK4
HSKK 中级	局	HSK4
HSKK 中级	居住	HSK4
HSKK 中级	居民	HSK4
HSKK 中级	屋子	HSK3
HSKK 中级	展开	HSK3
HSKK 中级	属	HSK3
HSKK 中级	属于	HSK3
HSKK 中级	工业	HSK3
HSKK 中级	工具	HSK3
HSKK 中级	工厂	HSK3
HSKK 中级	工夫	HSK3
HSKK 中级	工程	HSK4
HSKK 中级	工程师	HSK3
HSKK 中级	工资	HSK3
HSKK 中级	左右	HSK3
HSKK 中级	巧	HSK3
HSKK 中级	巧克力	HSK4
HSKK 中级	巨大	HSK4
HSKK 中级	已	HSK3
HSKK 中级	巴士	HSK4
HSKK 中级	市区	HSK4
HSKK 中级	市场	HSK3
HSKK 中级	布	HSK3
HSKK 中级	布置	HSK4
HSKK 中级	帅	HSK4
HSKK 中级	帅哥	HSK4
HSKK 中级	希望	HSK3
HSKK 中级	带动	HSK3
HSKK 中级	带领	HSK3
HSKK 中级	常识	HSK4
HSKK 中级	帽子	HSK4
HSKK 中级	干吗	HSK3
HSKK 中级	平均	HSK4
HSKK 中级	平方	HSK4
HSKK 中级	平稳	HSK4
HSKK 中级	平静	HSK4
HSKK 中级	年代	HSK3
HSKK 中级	年初	HSK3
HSKK 中级	年底	HSK3
HSKK 中级	年纪	HSK3
HSKK 中级	并	HSK3
HSKK 中级	并且	HSK3
HSKK 中级	幸福	HSK3
HSKK 中级	幸运	HSK3
HSKK 中级	幼儿园	HSK4
HSKK 中级	广大	HSK3
HSKK 中级	广播	HSK3
HSKK 中级	庆祝	HSK3
HSKK 中级	应	HSK4
HSKK 中级	应当	HSK3
HSKK 中级	应用	HSK3
HSKK 中级	底	HSK4
HSKK 中级	底下	HSK3
HSKK 中级	度过	HSK4
HSKK 中级	延期	HSK4
HSKK 中级	延续	HSK4
HSKK 中级	延长	HSK4
HSKK 中级	建	HSK3
HSKK 中级	建成	HSK3
HSKK 中级	建立	HSK3
HSKK 中级	建议	HSK3
HSKK 中级	建设	HSK3
HSKK 中级	开业	HSK3
HSKK 中级	开发	HSK3
HSKK 中级	开始	HSK3
HSKK 中级	开展	HSK3
HSKK 中级	开放	HSK3
HSKK 中级	开水	HSK4
HSKK 中级	开花	HSK4
HSKK 中级	引	HSK4
HSKK 中级	引导	HSK4
HSKK 中级	引起	HSK4
HSKK 中级	引进	HSK4
HSKK 中级	张	HSK3
HSKK 中级	弯	HSK4
HSKK 中级	弱	HSK4
HSKK 中级	强	HSK3
HSKK 中级	强大	HSK3
HSKK 中级	强烈	HSK3
HSKK 中级	强调	HSK3
HSKK 中级	归	HSK4
HSKK 中级	当中	HSK3
HSKK 中级	当初	HSK3
HSKK 中级	当地	HSK3
HSKK 中级	录	HSK3
HSKK 中级	录取	HSK4
HSKK 中级	录音	HSK3
HSKK 中级	形势	HSK4
HSKK 中级	形容	HSK4
HSKK 中级	形式	HSK3
HSKK 中级	形成	HSK3
HSKK 中级	形状	HSK3
HSKK 中级	形象	HSK3
HSKK 中级	彩色	HSK3
HSKK 中级	影子	HSK4
HSKK 中级	影视	HSK3
HSKK 中级	彻底	HSK4
HSKK 中级	往往	HSK3
HSKK 中级	征服	HSK4
HSKK 中级	征求	HSK4
HSKK 中级	待遇	HSK4
HSKK 中级	律师	HSK4
HSKK 中级	得分	HSK3
HSKK 中级	得意	HSK4
HSKK 中级	微信	HSK4
HSKK 中级	微笑	HSK4
HSKK 中级	心	HSK3
HSKK 中级	心理	HSK4
HSKK 中级	必然	HSK3
HSKK 中级	必要	HSK3
HSKK 中级	志愿	HSK3
HSKK 中级	志愿者	HSK3
HSKK 中级	快递	HSK4
HSKK 中级	快速	HSK3
HSKK 中级	念	HSK3
HSKK 中级	忽视	HSK4
HSKK 中级	怀念	HSK4
HSKK 中级	怀疑	HSK4
HSKK 中级	怕	HSK2
HSKK 中级	思想	HSK3
HSKK 中级	思考	HSK4
HSKK 中级	急忙	HSK4
HSKK 中级	性别	HSK3
HSKK 中级	性格	HSK3
HSKK 中级	性质	HSK4
HSKK 中级	性（积极性）	HSK3
HSKK 中级	怪	HSK4
HSKK 中级	总	HSK3
HSKK 中级	总之	HSK4
HSKK 中级	总共	HSK4
HSKK 中级	总是	HSK3
HSKK 中级	总理	HSK4
HSKK 中级	总结	HSK3
HSKK 中级	总统	HSK4
HSKK 中级	恐怕	HSK3
HSKK 中级	恶心	HSK4
HSKK 中级	情况	HSK3
HSKK 中级	情感	HSK3
HSKK 中级	情景	HSK4
HSKK 中级	想念	HSK4
HSKK 中级	想象	HSK4
HSKK 中级	意义	HSK3
HSKK 中级	意外	HSK3
HSKK 中级	感兴趣	HSK4
HSKK 中级	感冒	HSK3
HSKK 中级	感受	HSK3
HSKK 中级	感情	HSK3
HSKK 中级	愿望	HSK3
HSKK 中级	慢慢	HSK3
HSKK 中级	成人	HSK4
HSKK 中级	成功	HSK3
HSKK 中级	成员	HSK3
HSKK 中级	成就	HSK3
HSKK 中级	成果	HSK3
HSKK 中级	成熟	HSK3
HSKK 中级	成立	HSK3
HSKK 中级	成长	HSK3
HSKK 中级	或许	HSK4
HSKK 中级	战争	HSK4
HSKK 中级	战士	HSK4
HSKK 中级	战斗	HSK4
HSKK 中级	战胜	HSK4
HSKK 中级	戴	HSK4
HSKK 中级	户	HSK4
HSKK 中级	房东	HSK3
HSKK 中级	房屋	HSK3
HSKK 中级	房租	HSK3
HSKK 中级	所	HSK3
HSKK 中级	所长	HSK3
HSKK 中级	手套	HSK4
HSKK 中级	手工	HSK4
HSKK 中级	手指	HSK3
HSKK 中级	手术	HSK4
HSKK 中级	手续	HSK3
HSKK 中级	手里	HSK4
HSKK 中级	才能	HSK3
HSKK 中级	打	HSK1
HSKK 中级	打听	HSK3
HSKK 中级	打扫	HSK4
HSKK 中级	打折	HSK4
HSKK 中级	打破	HSK3
HSKK 中级	打败	HSK4
HSKK 中级	打针	HSK4
HSKK 中级	打雷	HSK4
HSKK 中级	扩大	HSK4
HSKK 中级	扩展	HSK4
HSKK 中级	扫	HSK4
HSKK 中级	批	HSK4
HSKK 中级	批准	HSK3
HSKK 中级	批评	HSK3
HSKK 中级	承受	HSK4
HSKK 中级	承担	HSK4
HSKK 中级	承认	HSK4
HSKK 中级	技巧	HSK4
HSKK 中级	技术	HSK3
HSKK 中级	抄	HSK4
HSKK 中级	抄写	HSK4
HSKK 中级	把	HSK3
HSKK 中级	把握	HSK3
HSKK 中级	抓	HSK3
HSKK 中级	抓住	HSK3
HSKK 中级	抓紧	HSK4
HSKK 中级	投	HSK4
HSKK 中级	投入	HSK4
HSKK 中级	投诉	HSK4
HSKK 中级	投资	HSK4
HSKK 中级	折	HSK4
HSKK 中级	护士	HSK4
HSKK 中级	报	HSK3
HSKK 中级	报到	HSK3
HSKK 中级	报告	HSK3
HSKK 中级	报道	HSK3
HSKK 中级	抱	HSK4
HSKK 中级	抽	HSK4
HSKK 中级	抽奖	HSK4
HSKK 中级	抽烟	HSK4
HSKK 中级	担任	HSK4
HSKK 中级	担保	HSK4
HSKK 中级	担心	HSK4
HSKK 中级	拉开	HSK4
HSKK 中级	拍	HSK3
HSKK 中级	拍照	HSK4
HSKK 中级	招呼	HSK4
HSKK 中级	括号	HSK4
HSKK 中级	持续	HSK3
HSKK 中级	挂	HSK3
HSKK 中级	指	HSK3
HSKK 中级	指出	HSK3
HSKK 中级	指导	HSK3
HSKK 中级	指挥	HSK4
HSKK 中级	按	HSK3
HSKK 中级	按时	HSK4
HSKK 中级	按照	HSK3
HSKK 中级	挑	HSK4
HSKK 中级	挑战	HSK4
HSKK 中级	挑选	HSK4
HSKK 中级	据说	HSK3
HSKK 中级	排	HSK2
HSKK 中级	排列	HSK4
HSKK 中级	排名	HSK3
HSKK 中级	接待	HSK3
HSKK 中级	接近	HSK3
HSKK 中级	推动	HSK3
HSKK 中级	推广	HSK3
HSKK 中级	推开	HSK3
HSKK 中级	推进	HSK3
HSKK 中级	推迟	HSK4
HSKK 中级	推销	HSK4
HSKK 中级	措施	HSK4
HSKK 中级	描写	HSK4
HSKK 中级	描述	HSK4
HSKK 中级	提供	HSK4
HSKK 中级	提前	HSK3
HSKK 中级	提醒	HSK4
HSKK 中级	提问	HSK3
HSKK 中级	握手	HSK3
HSKK 中级	搬	HSK3
HSKK 中级	搬家	HSK3
HSKK 中级	摆	HSK4
HSKK 中级	摆动	HSK4
HSKK 中级	摆脱	HSK4
HSKK 中级	摇	HSK4
HSKK 中级	摸	HSK4
HSKK 中级	播出	HSK3
HSKK 中级	播放	HSK3
HSKK 中级	操作	HSK4
HSKK 中级	操场	HSK4
HSKK 中级	擦	HSK4
HSKK 中级	支	HSK3
HSKK 中级	支付	HSK3
HSKK 中级	支持	HSK3
HSKK 中级	收听	HSK3
HSKK 中级	收回	HSK4
HSKK 中级	收益	HSK4
HSKK 中级	收看	HSK3
HSKK 中级	收获	HSK4
HSKK 中级	收费	HSK3
HSKK 中级	收音机	HSK3
HSKK 中级	改善	HSK4
HSKK 中级	改正	HSK4
HSKK 中级	改进	HSK3
HSKK 中级	改造	HSK3
HSKK 中级	放到	HSK3
HSKK 中级	放松	HSK4
HSKK 中级	政府	HSK4
HSKK 中级	政治	HSK4
HSKK 中级	故乡	HSK3
HSKK 中级	效果	HSK3
HSKK 中级	效率	HSK4
HSKK 中级	敌人	HSK4
HSKK 中级	救	HSK3
HSKK 中级	教授	HSK4
HSKK 中级	教材	HSK3
HSKK 中级	教练	HSK3
HSKK 中级	教训	HSK4
HSKK 中级	敢	HSK3
HSKK 中级	散	HSK4
HSKK 中级	散步	HSK3
HSKK 中级	数据	HSK4
HSKK 中级	数码	HSK4
HSKK 中级	数量	HSK3
HSKK 中级	整	HSK3
HSKK 中级	整个	HSK3
HSKK 中级	整体	HSK3
HSKK 中级	整天	HSK3
HSKK 中级	整整	HSK3
HSKK 中级	整理	HSK3
HSKK 中级	整齐	HSK3
HSKK 中级	文件	HSK3
HSKK 中级	文字	HSK3
HSKK 中级	文学	HSK3
HSKK 中级	文明	HSK3
HSKK 中级	文章	HSK3
HSKK 中级	断	HSK3
HSKK 中级	新型	HSK4
HSKK 中级	新娘	HSK4
HSKK 中级	新郎	HSK4
HSKK 中级	新鲜	HSK4
HSKK 中级	方	HSK4
HSKK 中级	方式	HSK3
HSKK 中级	方案	HSK4
HSKK 中级	方针	HSK4
HSKK 中级	旅行社	HSK3
HSKK 中级	旅馆	HSK3
HSKK 中级	无	HSK4
HSKK 中级	无所谓	HSK4
HSKK 中级	无数	HSK4
HSKK 中级	无法	HSK4
HSKK 中级	无聊	HSK4
HSKK 中级	无论	HSK4
HSKK 中级	无限	HSK4
HSKK 中级	既	HSK4
HSKK 中级	既然	HSK4
HSKK 中级	日历	HSK4
HSKK 中级	日常	HSK3
HSKK 中级	日记	HSK4
HSKK 中级	旧	HSK3
HSKK 中级	早已	HSK3
HSKK 中级	时	HSK3
HSKK 中级	时代	HSK3
HSKK 中级	时刻	HSK3
HSKK 中级	明显	HSK3
HSKK 中级	明确	HSK3
HSKK 中级	春季	HSK4
HSKK 中级	是否	HSK4
HSKK 中级	显得	HSK3
HSKK 中级	显然	HSK3
HSKK 中级	显示	HSK3
HSKK 中级	显著	HSK4
HSKK 中级	晒	HSK4
HSKK 中级	晚点	HSK4
HSKK 中级	普及	HSK3
HSKK 中级	普遍	HSK3
HSKK 中级	景色	HSK3
HSKK 中级	智力	HSK4
HSKK 中级	智能	HSK4
HSKK 中级	暑假	HSK4
HSKK 中级	暖和	HSK3
HSKK 中级	暖气	HSK4
HSKK 中级	暗	HSK4
HSKK 中级	暗示	HSK4
HSKK 中级	更加	HSK3
HSKK 中级	曾	HSK4
HSKK 中级	曾经	HSK3
HSKK 中级	替	HSK4
HSKK 中级	替代	HSK4
HSKK 中级	最初	HSK4
HSKK 中级	有利	HSK3
HSKK 中级	有劲儿	HSK4
HSKK 中级	有效	HSK3
HSKK 中级	有的是	HSK3
HSKK 中级	有趣	HSK4
HSKK 中级	有限	HSK4
HSKK 中级	服装	HSK3
HSKK 中级	朝	HSK3
HSKK 中级	期	HSK3
HSKK 中级	期中	HSK4
HSKK 中级	期待	HSK4
HSKK 中级	期末	HSK4
HSKK 中级	期间	HSK4
HSKK 中级	期限	HSK4
HSKK 中级	木头	HSK3
HSKK 中级	未必	HSK4
HSKK 中级	未来	HSK4
HSKK 中级	末	HSK4
HSKK 中级	本事	HSK3
HSKK 中级	本来	HSK3
HSKK 中级	本科	HSK4
HSKK 中级	本领	HSK3
HSKK 中级	机器	HSK3
HSKK 中级	机构	HSK4
HSKK 中级	机遇	HSK4
HSKK 中级	杂志	HSK3
HSKK 中级	权利	HSK4
HSKK 中级	材料	HSK4
HSKK 中级	村	HSK3
HSKK 中级	束	HSK3
HSKK 中级	来不及	HSK4
HSKK 中级	来得及	HSK4
HSKK 中级	来源	HSK4
HSKK 中级	松	HSK4
HSKK 中级	松树	HSK4
HSKK 中级	板	HSK3
HSKK 中级	极	HSK4
HSKK 中级	极其	HSK4
HSKK 中级	构成	HSK4
HSKK 中级	构造	HSK4
HSKK 中级	果实	HSK4
HSKK 中级	果汁	HSK3
HSKK 中级	果然	HSK3
HSKK 中级	架	HSK3
HSKK 中级	某	HSK3
HSKK 中级	标准	HSK3
HSKK 中级	标志	HSK4
HSKK 中级	标题	HSK3
HSKK 中级	树叶	HSK4
HSKK 中级	树林	HSK4
HSKK 中级	根	HSK4
HSKK 中级	根据	HSK4
HSKK 中级	根本	HSK3
HSKK 中级	格外	HSK4
HSKK 中级	桥	HSK3
HSKK 中级	梦	HSK4
HSKK 中级	梦想	HSK4
HSKK 中级	梦见	HSK4
HSKK 中级	检测	HSK4
HSKK 中级	森林	HSK4
HSKK 中级	棵	HSK4
HSKK 中级	植物	HSK4
HSKK 中级	楼梯	HSK4
HSKK 中级	概念	HSK3
HSKK 中级	概括	HSK4
HSKK 中级	模型	HSK4
HSKK 中级	模特儿	HSK4
HSKK 中级	次	HSK1
HSKK 中级	欢乐	HSK3
HSKK 中级	歌声	HSK3
HSKK 中级	歌手	HSK3
HSKK 中级	歌迷	HSK3
HSKK 中级	正	HSK1
HSKK 中级	正式	HSK3
HSKK 中级	此	HSK4
HSKK 中级	此外	HSK4
HSKK 中级	步	HSK3
HSKK 中级	步行	HSK4
HSKK 中级	武器	HSK3
HSKK 中级	武术	HSK3
HSKK 中级	死	HSK3
HSKK 中级	母亲	HSK3
HSKK 中级	每	HSK3
HSKK 中级	比例	HSK3
HSKK 中级	比分	HSK4
HSKK 中级	比赛	HSK3
HSKK 中级	比较	HSK3
HSKK 中级	毕业	HSK4
HSKK 中级	毕业生	HSK4
HSKK 中级	毛	HSK1
HSKK 中级	毛巾	HSK4
HSKK 中级	毛病	HSK3
HSKK 中级	毛衣	HSK4
HSKK 中级	毫升	HSK4
HSKK 中级	毫米	HSK4
HSKK 中级	民族	HSK3
HSKK 中级	民间	HSK3
HSKK 中级	气候	HSK3
HSKK 中级	气球	HSK4
HSKK 中级	汇	HSK4
HSKK 中级	汇报	HSK4
HSKK 中级	汇率	HSK4
HSKK 中级	江	HSK4
HSKK 中级	汤	HSK3
HSKK 中级	汽水	HSK4
HSKK 中级	汽油	HSK4
HSKK 中级	沉	HSK4
HSKK 中级	沉重	HSK4
HSKK 中级	沉默	HSK4
HSKK 中级	沙发	HSK3
HSKK 中级	沙子	HSK3
HSKK 中级	没想到	HSK4
HSKK 中级	没法儿	HSK4
HSKK 中级	没用	HSK3
HSKK 中级	没错	HSK4
HSKK 中级	治	HSK4
HSKK 中级	治疗	HSK4
HSKK 中级	法	HSK4
HSKK 中级	法官	HSK4
HSKK 中级	法律	HSK4
HSKK 中级	法院	HSK4
HSKK 中级	注意	HSK3
HSKK 中级	泪	HSK4
HSKK 中级	泪水	HSK4
HSKK 中级	活	HSK3
HSKK 中级	派	HSK3
HSKK 中级	流传	HSK4
HSKK 中级	浅	HSK4
HSKK 中级	测	HSK4
HSKK 中级	测试	HSK4
HSKK 中级	测量	HSK4
HSKK 中级	浓	HSK4
HSKK 中级	浪费	HSK3
HSKK 中级	海关	HSK3
HSKK 中级	海水	HSK4
HSKK 中级	海鲜	HSK4
HSKK 中级	消化	HSK4
HSKK 中级	消失	HSK3
HSKK 中级	消息	HSK3
HSKK 中级	消费	HSK3
HSKK 中级	淡	HSK4
HSKK 中级	深	HSK3
HSKK 中级	深入	HSK3
HSKK 中级	深刻	HSK3
HSKK 中级	深厚	HSK4
HSKK 中级	清醒	HSK4
HSKK 中级	渐渐	HSK4
HSKK 中级	温暖	HSK3
HSKK 中级	游	HSK3
HSKK 中级	游戏	HSK3
HSKK 中级	游泳	HSK3
HSKK 中级	湿	HSK4
HSKK 中级	满足	HSK3
HSKK 中级	演	HSK3
HSKK 中级	演出	HSK3
HSKK 中级	演员	HSK3
HSKK 中级	演唱	HSK3
HSKK 中级	演唱会	HSK3
HSKK 中级	演讲	HSK4
HSKK 中级	潮	HSK4
HSKK 中级	潮流	HSK4
HSKK 中级	潮湿	HSK4
HSKK 中级	激动	HSK4
HSKK 中级	激烈	HSK4
HSKK 中级	火	HSK3
HSKK 中级	灯光	HSK4
HSKK 中级	点名	HSK4
HSKK 中级	烟	HSK3
HSKK 中级	烦	HSK4
HSKK 中级	烧	HSK4
HSKK 中级	热心	HSK4
HSKK 中级	热烈	HSK3
HSKK 中级	热爱	HSK3
HSKK 中级	热闹	HSK4
HSKK 中级	然而	HSK4
HSKK 中级	照	HSK3
HSKK 中级	熟人	HSK3
HSKK 中级	熟练	HSK4
HSKK 中级	燃料	HSK4
HSKK 中级	燃烧	HSK4
HSKK 中级	爱国	HSK4
HSKK 中级	爱心	HSK3
HSKK 中级	爱护	HSK4
HSKK 中级	父亲	HSK3
HSKK 中级	片面	HSK4
HSKK 中级	牌	HSK4
HSKK 中级	牌子	HSK3
HSKK 中级	牙	HSK4
HSKK 中级	牙刷	HSK4
HSKK 中级	牛	HSK3
HSKK 中级	特价	HSK4
HSKK 中级	特征	HSK4
HSKK 中级	特殊	HSK4
HSKK 中级	特色	HSK3
HSKK 中级	状况	HSK3
HSKK 中级	状态	HSK3
HSKK 中级	独特	HSK4
HSKK 中级	独立	HSK4
HSKK 中级	独自	HSK4
HSKK 中级	猪	HSK3
HSKK 中级	率先	HSK4
HSKK 中级	玉	HSK4
HSKK 中级	玉米	HSK4
HSKK 中级	王	HSK4
HSKK 中级	玩具	HSK3
HSKK 中级	环	HSK3
HSKK 中级	环保	HSK3
HSKK 中级	环境	HSK3
HSKK 中级	现代	HSK3
HSKK 中级	现场	HSK3
HSKK 中级	现实	HSK3
HSKK 中级	现象	HSK3
HSKK 中级	现金	HSK3
HSKK 中级	班级	HSK3
HSKK 中级	球迷	HSK3
HSKK 中级	理发	HSK3
HSKK 中级	理由	HSK3
HSKK 中级	理解	HSK3
HSKK 中级	理论	HSK3
HSKK 中级	瓜	HSK4
HSKK 中级	甚至	HSK4
HSKK 中级	甜	HSK3
HSKK 中级	生	HSK2
HSKK 中级	生产	HSK3
HSKK 中级	生动	HSK3
HSKK 中级	生命	HSK3
HSKK 中级	生存	HSK3
HSKK 中级	生意	HSK3
HSKK 中级	生长	HSK3
HSKK 中级	用途	HSK4
HSKK 中级	由	HSK3
HSKK 中级	由于	HSK3
HSKK 中级	申请	HSK4
HSKK 中级	电动车	HSK4
HSKK 中级	电台	HSK3
HSKK 中级	电子邮件	HSK3
HSKK 中级	电梯	HSK4
HSKK 中级	电源	HSK4
HSKK 中级	电灯	HSK4
HSKK 中级	电视剧	HSK3
HSKK 中级	电视台	HSK3
HSKK 中级	男士	HSK4
HSKK 中级	男女	HSK4
HSKK 中级	男子	HSK3
HSKK 中级	留学	HSK3
HSKK 中级	疑问	HSK4
HSKK 中级	疗养	HSK4
HSKK 中级	痛	HSK3
HSKK 中级	痛快	HSK4
HSKK 中级	痛苦	HSK3
HSKK 中级	登	HSK4
HSKK 中级	登山	HSK4
HSKK 中级	登录	HSK4
HSKK 中级	登记	HSK4
HSKK 中级	白	HSK1
HSKK 中级	白菜	HSK3
HSKK 中级	百货	HSK4
HSKK 中级	的确	HSK4
HSKK 中级	皮	HSK3
HSKK 中级	皮包	HSK3
HSKK 中级	盐	HSK4
HSKK 中级	盖	HSK4
HSKK 中级	盘	HSK4
HSKK 中级	盘子	HSK4
HSKK 中级	目前	HSK3
HSKK 中级	目标	HSK3
HSKK 中级	直	HSK3
HSKK 中级	直到	HSK3
HSKK 中级	直播	HSK3
HSKK 中级	相互	HSK3
HSKK 中级	相似	HSK3
HSKK 中级	相关	HSK3
HSKK 中级	相反	HSK4
HSKK 中级	相处	HSK4
HSKK 中级	相当	HSK3
HSKK 中级	相比	HSK3
HSKK 中级	相片	HSK4
HSKK 中级	看上去	HSK3
HSKK 中级	看不起	HSK4
HSKK 中级	看望	HSK4
HSKK 中级	看来	HSK4
HSKK 中级	看起来	HSK3
HSKK 中级	真实	HSK3
HSKK 中级	眼前	HSK3
HSKK 中级	眼泪	HSK4
HSKK 中级	眼里	HSK4
HSKK 中级	眼镜	HSK4
HSKK 中级	着	HSK1
HSKK 中级	着急	HSK4
HSKK 中级	着火	HSK4
HSKK 中级	睡着	HSK4
HSKK 中级	短处	HSK3
HSKK 中级	短期	HSK3
HSKK 中级	短裤	HSK3
HSKK 中级	矮	HSK4
HSKK 中级	矮小	HSK4
HSKK 中级	石头	HSK3
HSKK 中级	石油	HSK3
HSKK 中级	矿泉水	HSK4
HSKK 中级	研制	HSK4
HSKK 中级	研究	HSK4
HSKK 中级	研究生	HSK4
HSKK 中级	破	HSK3
HSKK 中级	破产	HSK4
HSKK 中级	破坏	HSK3
HSKK 中级	确保	HSK3
HSKK 中级	确定	HSK3
HSKK 中级	确实	HSK3
HSKK 中级	确认	HSK4
HSKK 中级	社会	HSK3
HSKK 中级	祝	HSK3
HSKK 中级	祝福	HSK4
HSKK 中级	神秘	HSK4
HSKK 中级	神话	HSK4
HSKK 中级	票价	HSK3
HSKK 中级	禁止	HSK4
HSKK 中级	福	HSK3
HSKK 中级	离不开	HSK4
HSKK 中级	离婚	HSK3
HSKK 中级	秋季	HSK4
HSKK 中级	种	HSK3
HSKK 中级	种子	HSK3
HSKK 中级	种植	HSK4
HSKK 中级	种类	HSK4
HSKK 中级	科技	HSK3
HSKK 中级	秘书	HSK4
HSKK 中级	秘密	HSK4
HSKK 中级	积极	HSK3
HSKK 中级	积累	HSK4
HSKK 中级	称为	HSK3
HSKK 中级	称赞	HSK4
HSKK 中级	移	HSK4
HSKK 中级	移动	HSK4
HSKK 中级	移民	HSK4
HSKK 中级	程序	HSK4
HSKK 中级	程度	HSK3
HSKK 中级	稳	HSK4
HSKK 中级	稳定	HSK4
HSKK 中级	究竟	HSK4
HSKK 中级	穷	HSK4
HSKK 中级	穷人	HSK4
HSKK 中级	空	HSK3
HSKK 中级	空儿	HSK3
HSKK 中级	空调	HSK3
HSKK 中级	空间	HSK4
HSKK 中级	穿上	HSK4
HSKK 中级	突出	HSK3
HSKK 中级	突然	HSK3
HSKK 中级	窗台	HSK4
HSKK 中级	窗子	HSK4
HSKK 中级	窗户	HSK4
HSKK 中级	立刻	HSK3
HSKK 中级	立即	HSK4
HSKK 中级	竟然	HSK4
HSKK 中级	童年	HSK4
HSKK 中级	童话	HSK4
HSKK 中级	符号	HSK4
HSKK 中级	符合	HSK4
HSKK 中级	笨	HSK4
HSKK 中级	等待	HSK3
HSKK 中级	答案	HSK4
HSKK 中级	简单	HSK3
HSKK 中级	简历	HSK4
HSKK 中级	简直	HSK3
HSKK 中级	管	HSK3
HSKK 中级	管理	HSK3
HSKK 中级	箱	HSK4
HSKK 中级	箱子	HSK4
HSKK 中级	米	HSK2
HSKK 中级	类	HSK3
HSKK 中级	类似	HSK3
HSKK 中级	类型	HSK4
HSKK 中级	粗	HSK4
HSKK 中级	粗心	HSK4
HSKK 中级	粮食	HSK4
HSKK 中级	精力	HSK4
HSKK 中级	精彩	HSK3
HSKK 中级	精神	HSK3
HSKK 中级	糖	HSK3
HSKK 中级	系	HSK3
HSKK 中级	系列	HSK4
HSKK 中级	系统	HSK4
HSKK 中级	紧	HSK3
HSKK 中级	紧密	HSK4
HSKK 中级	紧急	HSK3
HSKK 中级	红包	HSK4
HSKK 中级	红茶	HSK3
HSKK 中级	红酒	HSK3
HSKK 中级	约	HSK3
HSKK 中级	纪录	HSK3
HSKK 中级	纪律	HSK4
HSKK 中级	纪念	HSK3
HSKK 中级	纯	HSK4
HSKK 中级	纯净水	HSK4
HSKK 中级	纷纷	HSK4
HSKK 中级	线	HSK3
HSKK 中级	组合	HSK3
HSKK 中级	细	HSK4
HSKK 中级	细致	HSK4
HSKK 中级	细节	HSK4
HSKK 中级	终于	HSK3
HSKK 中级	经典	HSK4
HSKK 中级	经历	HSK3
HSKK 中级	经济	HSK3
HSKK 中级	经营	HSK3
HSKK 中级	经验	HSK3
HSKK 中级	结	HSK4
HSKK 中级	结合	HSK3
HSKK 中级	结实	HSK3
HSKK 中级	结束	HSK3
HSKK 中级	结构	HSK4
HSKK 中级	结论	HSK4
HSKK 中级	绝对	HSK3
HSKK 中级	统一	HSK4
HSKK 中级	统计	HSK4
HSKK 中级	继续	HSK3
HSKK 中级	维修	HSK4
HSKK 中级	维护	HSK4
HSKK 中级	维持	HSK4
HSKK 中级	综合	HSK4
HSKK 中级	绿茶	HSK3
HSKK 中级	缓解	HSK4
HSKK 中级	编	HSK4
HSKK 中级	缩小	HSK4
HSKK 中级	缩短	HSK4
HSKK 中级	缺	HSK3
HSKK 中级	缺少	HSK3
HSKK 中级	缺点	HSK3
HSKK 中级	网址	HSK4
HSKK 中级	网络	HSK4
HSKK 中级	羊	HSK3
HSKK 中级	美丽	HSK3
HSKK 中级	美元	HSK3
HSKK 中级	美女	HSK4
HSKK 中级	美好	HSK3
HSKK 中级	美术	HSK3
HSKK 中级	美金	HSK4
HSKK 中级	美食	HSK3
HSKK 中级	群	HSK3
HSKK 中级	翻	HSK4
HSKK 中级	翻译	HSK4
HSKK 中级	老公	HSK4
HSKK 中级	老太太	HSK3
HSKK 中级	老头儿	HSK3
HSKK 中级	老婆	HSK4
HSKK 中级	老实	HSK4
HSKK 中级	老家	HSK4
HSKK 中级	老板	HSK3
HSKK 中级	老百姓	HSK3
HSKK 中级	考察	HSK4
HSKK 中级	考虑	HSK4
HSKK 中级	考验	HSK3
HSKK 中级	者（志愿者）	HSK3
HSKK 中级	而	HSK4
HSKK 中级	而是	HSK4
HSKK 中级	耳机	HSK4
HSKK 中级	职业	HSK3
HSKK 中级	职工	HSK3
HSKK 中级	联合	HSK3
HSKK 中级	联合国	HSK3
HSKK 中级	联系	HSK3
HSKK 中级	聚	HSK4
HSKK 中级	聚会	HSK4
HSKK 中级	肚子	HSK4
HSKK 中级	肥	HSK4
HSKK 中级	背	HSK2
HSKK 中级	背后	HSK3
HSKK 中级	背景	HSK4
HSKK 中级	胖	HSK3
HSKK 中级	胖子	HSK4
HSKK 中级	胜	HSK3
HSKK 中级	胜利	HSK3
HSKK 中级	胸部	HSK4
HSKK 中级	能不能	HSK3
HSKK 中级	能力	HSK3
HSKK 中级	能干	HSK4
HSKK 中级	脑袋	HSK4
HSKK 中级	脱	HSK4
HSKK 中级	腰	HSK4
HSKK 中级	自	HSK4
HSKK 中级	自主	HSK3
HSKK 中级	自从	HSK3
HSKK 中级	自信	HSK4
HSKK 中级	自动	HSK3
HSKK 中级	自觉	HSK3
HSKK 中级	自身	HSK3
HSKK 中级	至今	HSK3
HSKK 中级	至少	HSK3
HSKK 中级	舒适	HSK4
HSKK 中级	舞台	HSK3
HSKK 中级	航班	HSK4
HSKK 中级	航空	HSK4
HSKK 中级	良好	HSK4
HSKK 中级	色	HSK4
HSKK 中级	色彩	HSK4
HSKK 中级	艺术	HSK3
HSKK 中级	节省	HSK4
HSKK 中级	节约	HSK3
HSKK 中级	花	HSK1
HSKK 中级	苦	HSK4
HSKK 中级	英勇	HSK4
HSKK 中级	苹果	HSK3
HSKK 中级	范围	HSK3
HSKK 中级	茶叶	HSK4
HSKK 中级	药物	HSK4
HSKK 中级	获	HSK4
HSKK 中级	获取	HSK4
HSKK 中级	获奖	HSK4
HSKK 中级	获得	HSK4
HSKK 中级	营业	HSK4
HSKK 中级	营养	HSK3
HSKK 中级	落	HSK4
HSKK 中级	落后	HSK3
HSKK 中级	著作	HSK4
HSKK 中级	著名	HSK4
HSKK 中级	薄	HSK4
HSKK 中级	虫子	HSK4
HSKK 中级	血	HSK3
HSKK 中级	行	HSK1
HSKK 中级	行业	HSK4
HSKK 中级	行李	HSK3
HSKK 中级	街道	HSK4
HSKK 中级	衣架	HSK3
HSKK 中级	补	HSK3
HSKK 中级	补充	HSK3
HSKK 中级	表情	HSK4
HSKK 中级	表扬	HSK4
HSKK 中级	表明	HSK3
HSKK 中级	表格	HSK3
HSKK 中级	表演	HSK3
HSKK 中级	表现	HSK3
HSKK 中级	表达	HSK3
HSKK 中级	表面	HSK3
HSKK 中级	衬衣	HSK3
HSKK 中级	衬衫	HSK3
HSKK 中级	袋	HSK4
HSKK 中级	袜子	HSK4
HSKK 中级	被	HSK3
HSKK 中级	被子	HSK3
HSKK 中级	被迫	HSK4
HSKK 中级	装修	HSK4
HSKK 中级	装置	HSK4
HSKK 中级	裙子	HSK3
HSKK 中级	裤子	HSK3
HSKK 中级	西瓜	HSK4
HSKK 中级	西部	HSK3
HSKK 中级	要是	HSK3
HSKK 中级	观众	HSK3
HSKK 中级	观察	HSK3
HSKK 中级	观念	HSK3
HSKK 中级	观看	HSK3
HSKK 中级	规则	HSK4
HSKK 中级	规定	HSK3
HSKK 中级	规律	HSK4
HSKK 中级	规模	HSK4
HSKK 中级	规范	HSK3
HSKK 中级	角色	HSK4
HSKK 中级	解决	HSK3
HSKK 中级	解开	HSK3
HSKK 中级	解释	HSK4
HSKK 中级	警察	HSK3
HSKK 中级	计算	HSK3
HSKK 中级	订	HSK3
HSKK 中级	认出	HSK3
HSKK 中级	认可	HSK3
HSKK 中级	认得	HSK3
HSKK 中级	训练	HSK3
HSKK 中级	议论	HSK4
HSKK 中级	记录	HSK3
HSKK 中级	记者	HSK3
HSKK 中级	记载	HSK4
HSKK 中级	讲座	HSK4
HSKK 中级	讲究	HSK4
HSKK 中级	论文	HSK4
HSKK 中级	设备	HSK3
HSKK 中级	设施	HSK4
HSKK 中级	设立	HSK3
HSKK 中级	设置	HSK4
HSKK 中级	访问	HSK3
HSKK 中级	证	HSK3
HSKK 中级	证件	HSK3
HSKK 中级	证据	HSK3
HSKK 中级	证明	HSK3
HSKK 中级	评价	HSK3
HSKK 中级	词汇	HSK4
HSKK 中级	试卷	HSK4
HSKK 中级	试题	HSK3
HSKK 中级	试验	HSK3
HSKK 中级	诗	HSK4
HSKK 中级	诗人	HSK4
HSKK 中级	诚信	HSK4
HSKK 中级	诚实	HSK4
HSKK 中级	话剧	HSK3
HSKK 中级	话题	HSK3
HSKK 中级	语法	HSK4
HSKK 中级	语音	HSK4
HSKK 中级	误会	HSK4
HSKK 中级	说不定	HSK4
HSKK 中级	说服	HSK4
HSKK 中级	请教	HSK3
HSKK 中级	读者	HSK3
HSKK 中级	课程	HSK3
HSKK 中级	调	HSK3
HSKK 中级	调整	HSK3
HSKK 中级	调查	HSK3
HSKK 中级	调皮	HSK4
HSKK 中级	谈	HSK3
HSKK 中级	谈判	HSK3
HSKK 中级	谈话	HSK3
HSKK 中级	豆腐	HSK4
HSKK 中级	负担	HSK4
HSKK 中级	负责	HSK3
HSKK 中级	财产	HSK4
HSKK 中级	财富	HSK4
HSKK 中级	责任	HSK3
HSKK 中级	败	HSK4
HSKK 中级	货	HSK4
HSKK 中级	质量	HSK4
HSKK 中级	购买	HSK4
HSKK 中级	购物	HSK4
HSKK 中级	贴	HSK4
HSKK 中级	费	HSK3
HSKK 中级	费用	HSK3
HSKK 中级	资料	HSK4
HSKK 中级	资格	HSK3
HSKK 中级	资源	HSK4
HSKK 中级	资金	HSK3
HSKK 中级	赏	HSK4
HSKK 中级	赞助	HSK4
HSKK 中级	赞成	HSK4
HSKK 中级	赞赏	HSK4
HSKK 中级	赢	HSK3
HSKK 中级	赢得	HSK4
HSKK 中级	赶	HSK3
HSKK 中级	赶到	HSK3
HSKK 中级	赶快	HSK3
HSKK 中级	赶紧	HSK3
HSKK 中级	超级	HSK3
HSKK 中级	趋势	HSK4
HSKK 中级	足够	HSK3
HSKK 中级	足球	HSK3
HSKK 中级	跑步	HSK3
HSKK 中级	距离	HSK4
HSKK 中级	路线	HSK3
HSKK 中级	跳	HSK3
HSKK 中级	跳舞	HSK3
HSKK 中级	跳远	HSK3
HSKK 中级	跳高	HSK3
HSKK 中级	身份	HSK4
HSKK 中级	身份证	HSK3
HSKK 中级	身材	HSK4
HSKK 中级	身高	HSK4
HSKK 中级	躺	HSK4
HSKK 中级	转	HSK3
HSKK 中级	转动	HSK4
HSKK 中级	转变	HSK3
HSKK 中级	转告	HSK4
HSKK 中级	转弯	HSK4
HSKK 中级	转移	HSK4
HSKK 中级	转身	HSK4
HSKK 中级	轮	HSK4
HSKK 中级	轮子	HSK4
HSKK 中级	轮椅	HSK4
HSKK 中级	轮船	HSK4
HSKK 中级	轻易	HSK4
HSKK 中级	轻松	HSK4
HSKK 中级	较	HSK3
HSKK 中级	输	HSK3
HSKK 中级	输入	HSK3
HSKK 中级	辣	HSK4
HSKK 中级	辩论	HSK4
HSKK 中级	达到	HSK3
HSKK 中级	迅速	HSK4
HSKK 中级	过分	HSK4
HSKK 中级	过去	HSK2
HSKK 中级	过程	HSK3
HSKK 中级	迎接	HSK3
HSKK 中级	运动会	HSK4
HSKK 中级	运动员	HSK4
HSKK 中级	运气	HSK4
HSKK 中级	运用	HSK4
HSKK 中级	运输	HSK3
HSKK 中级	近代	HSK4
HSKK 中级	近期	HSK3
HSKK 中级	进一步	HSK3
HSKK 中级	进口	HSK4
HSKK 中级	进展	HSK3
HSKK 中级	进步	HSK3
HSKK 中级	连	HSK3
HSKK 中级	连忙	HSK3
HSKK 中级	连续	HSK3
HSKK 中级	连续剧	HSK3
HSKK 中级	迟到	HSK4
HSKK 中级	迫切	HSK4
HSKK 中级	迷	HSK3
HSKK 中级	追	HSK3
HSKK 中级	追求	HSK4
HSKK 中级	退	HSK3
HSKK 中级	退休	HSK3
HSKK 中级	退出	HSK3
HSKK 中级	适合	HSK3
HSKK 中级	适应	HSK3
HSKK 中级	适用	HSK3
HSKK 中级	选手	HSK3
HSKK 中级	选择	HSK4
HSKK 中级	透	HSK4
HSKK 中级	透明	HSK4
HSKK 中级	逐步	HSK4
HSKK 中级	逐渐	HSK4
HSKK 中级	途中	HSK4
HSKK 中级	通信	HSK3
HSKK 中级	通常	HSK3
HSKK 中级	通知书	HSK4
HSKK 中级	逛	HSK4
HSKK 中级	速度	HSK3
HSKK 中级	造	HSK3
HSKK 中级	造型	HSK4
HSKK 中级	造成	HSK3
HSKK 中级	遇	HSK4
HSKK 中级	遇到	HSK4
HSKK 中级	遇见	HSK4
HSKK 中级	遗产	HSK4
HSKK 中级	遗传	HSK4
HSKK 中级	避	HSK4
HSKK 中级	避免	HSK4
HSKK 中级	邮件	HSK3
HSKK 中级	邮局	HSK4
HSKK 中级	邮票	HSK3
HSKK 中级	邮箱	HSK3
HSKK 中级	部	HSK3
HSKK 中级	部长	HSK3
HSKK 中级	部门	HSK3
HSKK 中级	配	HSK3
HSKK 中级	配合	HSK3
HSKK 中级	酒吧	HSK4
HSKK 中级	酸	HSK4
HSKK 中级	酸奶	HSK4
HSKK 中级	醒	HSK4
HSKK 中级	采取	HSK3
HSKK 中级	采用	HSK3
HSKK 中级	采访	HSK4
HSKK 中级	里面	HSK3
HSKK 中级	重	HSK1
HSKK 中级	重大	HSK3
HSKK 中级	重量	HSK4
HSKK 中级	量	HSK4
HSKK 中级	金	HSK3
HSKK 中级	金牌	HSK3
HSKK 中级	针	HSK4
HSKK 中级	针对	HSK4
HSKK 中级	钟	HSK3
HSKK 中级	铁	HSK3
HSKK 中级	铁路	HSK3
HSKK 中级	银	HSK3
HSKK 中级	银牌	HSK3
HSKK 中级	销售	HSK4
HSKK 中级	错误	HSK3
HSKK 中级	锻炼	HSK4
HSKK 中级	镜头	HSK4
HSKK 中级	镜子	HSK4
HSKK 中级	长城	HSK3
HSKK 中级	长处	HSK3
HSKK 中级	长期	HSK3
HSKK 中级	长途	HSK4
HSKK 中级	闪	HSK4
HSKK 中级	闪电	HSK4
HSKK 中级	问候	HSK4
HSKK 中级	闹	HSK4
HSKK 中级	闹钟	HSK4
HSKK 中级	阅读	HSK4
HSKK 中级	队员	HSK3
HSKK 中级	防	HSK3
HSKK 中级	防止	HSK3
HSKK 中级	阳光	HSK3
HSKK 中级	阳台	HSK4
HSKK 中级	阵	HSK4
HSKK 中级	阶段	HSK4
HSKK 中级	阻止	HSK4
HSKK 中级	陆地	HSK4
HSKK 中级	陆续	HSK4
HSKK 中级	降	HSK4
HSKK 中级	降价	HSK4
HSKK 中级	降低	HSK4
HSKK 中级	降温	HSK4
HSKK 中级	降落	HSK4
HSKK 中级	限制	HSK4
HSKK 中级	除了	HSK3
HSKK 中级	随	HSK3
HSKK 中级	随手	HSK4
HSKK 中级	隔	HSK4
HSKK 中级	隔开	HSK4
HSKK 中级	难免	HSK4
HSKK 中级	难度	HSK3
HSKK 中级	难道	HSK3
HSKK 中级	集中	HSK3
HSKK 中级	集体	HSK3
HSKK 中级	集合	HSK4
HSKK 中级	零食	HSK4
HSKK 中级	需求	HSK3
HSKK 中级	需要	HSK3
HSKK 中级	青春	HSK4
HSKK 中级	静	HSK3
HSKK 中级	非	HSK4
HSKK 中级	面临	HSK4
HSKK 中级	面对	HSK3
HSKK 中级	面积	HSK3
HSKK 中级	面试	HSK4
HSKK 中级	顶	HSK4
HSKK 中级	项	HSK4
HSKK 中级	项目	HSK4
HSKK 中级	顺序	HSK4
HSKK 中级	顿	HSK3
HSKK 中级	预习	HSK3
HSKK 中级	预报	HSK3
HSKK 中级	预测	HSK4
HSKK 中级	预计	HSK3
HSKK 中级	预订	HSK4
HSKK 中级	预防	HSK3
HSKK 中级	领	HSK3
HSKK 中级	领先	HSK3
HSKK 中级	领导	HSK3
HSKK 中级	题目	HSK3
HSKK 中级	风俗	HSK4
HSKK 中级	风景	HSK4
HSKK 中级	风格	HSK4
HSKK 中级	风险	HSK3
HSKK 中级	飞行	HSK3
HSKK 中级	食品	HSK3
HSKK 中级	食堂	HSK4
HSKK 中级	首	HSK4
HSKK 中级	首先	HSK3
HSKK 中级	首都	HSK3
HSKK 中级	香	HSK3
HSKK 中级	香蕉	HSK3
HSKK 中级	马	HSK3
HSKK 中级	骨头	HSK4
HSKK 中级	高价	HSK4
HSKK 中级	高尚	HSK4
HSKK 中级	高潮	HSK4
HSKK 中级	高速	HSK3
HSKK 中级	高速公路	HSK3
HSKK 中级	高铁	HSK4
HSKK 中级	鲜	HSK4
HSKK 中级	鲜明	HSK4
HSKK 中级	鲜花	HSK4
HSKK 中级	麻烦	HSK3
HSKK 中级	黄瓜	HSK4
HSKK 中级	黄金	HSK4
HSKK 中级	黑暗	HSK4
HSKK 中级	默默	HSK4
HSKK 中级	齐	HSK3
HSKK 中级	龙	HSK3
