rank	freq	smoothed_avg_freq	log10_rank	log10_avg_freq	d_logf_d_logr
1	4324665	4324665.000	0.0000	6.6360	
2	4237299	4280982.000	0.3010	6.6315	-0.0146
3	3845038	4041168.500	0.4771	6.6065	-0.1422
4	2397214	3121126.000	0.6021	6.4943	-0.8980
5	1873778	2135496.000	0.6990	6.3295	-1.7007
6	1122838	1498308.000	0.7782	6.1756	-1.9436
7	1043374	1083106.000	0.8451	6.0347	-2.1051
8	1018047	1030710.500	0.9031	6.0131	-0.3713
9	838816	928431.500	0.9542	5.9677	-0.8873
10	823750	777849.000	1.0000	5.8909	-1.6796
11	670981	711277.000	1.0414	5.8520	-0.9387
12	639100	677488.750	1.0792	5.8309	-0.5593
13	576124	614879.500	1.1139	5.7888	-1.2114
14	573313	586727.500	1.1461	5.7684	-0.6324
15	558373	560097.750	1.1761	5.7483	-0.6732
16	532581	546398.000	1.2041	5.7375	-0.3837
17	521325	530380.250	1.2304	5.7246	-0.4908
18	509242	511202.000	1.2553	5.7086	-0.6443
19	481660	496215.750	1.2788	5.6957	-0.5503
20	472636	461878.600	1.3010	5.6645	-1.3980
21	425169	443491.800	1.3222	5.6469	-0.8326
22	420686	428623.000	1.3424	5.6321	-0.7331
23	417308	422945.167	1.3617	5.6263	-0.3000
24	407316	406535.833	1.3802	5.6091	-0.9298
25	394556	397898.333	1.3979	5.5998	-0.5261
26	374180	389357.667	1.4150	5.5903	-0.5532
27	373344	380857.833	1.4314	5.5808	-0.5848
28	369442	372705.000	1.4472	5.5714	-0.5950
29	366309	366093.667	1.4624	5.5636	-0.5100
30	358399	352373.714	1.4771	5.5470	-1.1267
31	354888	344746.857	1.4914	5.5375	-0.6673
32	323259	337070.571	1.5051	5.5277	-0.7093
33	320975	333343.000	1.5185	5.5229	-0.3614
34	319956	324627.625	1.5315	5.5114	-0.8875
35	315708	315360.625	1.5441	5.4988	-0.9991
36	307250	306434.375	1.5563	5.4863	-1.0193
37	296586	300194.250	1.5682	5.4774	-0.7509
38	284263	293557.750	1.5798	5.4677	-0.8383
39	283478	283946.750	1.5911	5.4532	-1.2815
40	273338	269816.556	1.6021	5.4311	-2.0161
42	243068	252717.333	1.6232	5.4026	-1.3419
44	233795	238287.556	1.6435	5.3771	-1.2638
46	221650	229209.100	1.6628	5.3602	-0.8738
48	218429	217482.100	1.6812	5.3374	-1.2340
50	205919	207111.727	1.6990	5.3162	-1.1969
52	196757	200052.727	1.7160	5.3011	-0.8842
54	192298	191498.545	1.7324	5.2822	-1.1579
56	186197	185301.417	1.7482	5.2679	-0.9046
58	174054	179222.833	1.7634	5.2534	-0.9505
60	166825	172721.615	1.7782	5.2373	-1.0899
63	164947	162841.385	1.7993	5.2118	-1.2073
66	161446	155649.286	1.8195	5.1921	-0.9710
69	143775	147816.071	1.8388	5.1697	-1.1616
72	137630	138891.333	1.8573	5.1427	-1.4633
75	129215	131106.867	1.8751	5.1176	-1.4129
78	125131	126653.062	1.8921	5.1026	-0.8812
81	120282	120863.353	1.9085	5.0823	-1.2398
85	113998	115271.765	1.9294	5.0617	-0.9827
89	111850	110510.000	1.9494	5.0434	-0.9174
93	104417	105339.842	1.9685	5.0226	-1.0899
97	99141	100750.421	1.9868	5.0032	-1.0578
101	96906	96130.810	2.0043	4.9829	-1.1615
106	90377	90984.095	2.0253	4.9590	-1.1388
111	84972	85733.609	2.0453	4.9332	-1.2896
116	78819	80478.565	2.0645	4.9057	-1.4356
121	74620	75756.840	2.0828	4.8794	-1.4327
127	70124	70443.320	2.1038	4.8478	-1.5026
133	64466	66254.074	2.1239	4.8212	-1.3282
139	61646	62954.778	2.1430	4.7990	-1.1576
145	59774	60213.207	2.1614	4.7797	-1.0536
152	57750	57598.267	2.1818	4.7604	-0.9417
159	55540	55803.806	2.2014	4.7467	-0.7030
166	53618	53806.879	2.2201	4.7308	-0.8458
174	52271	51204.324	2.2405	4.7093	-1.0533
182	48973	48700.611	2.2601	4.6875	-1.1153
191	45470	45912.158	2.2810	4.6619	-1.2216
200	43013	42704.175	2.3010	4.6305	-1.5731
210	40276	39246.738	2.3222	4.5938	-1.7304
220	35519	36128.909	2.3424	4.5579	-1.7793
231	32085	33012.717	2.3636	4.5187	-1.8487
242	29809	30690.438	2.3838	4.4870	-1.5680
254	28901	28467.940	2.4048	4.4544	-1.5533
266	26466	26413.269	2.4249	4.4218	-1.6228
279	24231	24256.500	2.4456	4.3848	-1.7852
292	21792	22119.491	2.4654	4.3448	-2.0251
306	20025	20320.237	2.4857	4.3079	-1.8116
321	18785	18790.048	2.5065	4.2739	-1.6359
337	17517	17392.262	2.5276	4.2404	-1.5892
353	16282	16118.609	2.5478	4.2073	-1.6396
370	14680	14835.500	2.5682	4.1713	-1.7636
388	13565	13589.800	2.5888	4.1332	-1.8463
407	12378	12452.785	2.6096	4.0953	-1.8276
427	11236	11374.646	2.6304	4.0559	-1.8878
448	10428	10381.151	2.6513	4.0162	-1.9037
470	9563	9454.582	2.6721	3.9756	-1.9502
493	8552	8625.947	2.6928	3.9358	-1.9199
517	7849	7885.010	2.7135	3.8968	-1.8894
542	7152	7239.476	2.7340	3.8597	-1.8087
569	6732	6675.211	2.7551	3.8245	-1.6692
597	6097	6161.487	2.7760	3.7897	-1.6671
626	5678	5673.583	2.7966	3.7539	-1.7392
657	5182	5183.714	2.8176	3.7146	-1.8682
689	4726	4720.583	2.8382	3.6740	-1.9679
723	4250	4292.683	2.8591	3.6327	-1.9727
759	3901	3914.503	2.8802	3.5927	-1.8979
796	3622	3577.673	2.9009	3.5536	-1.8904
835	3319	3275.031	2.9217	3.5152	-1.8478
876	2981	2996.060	2.9425	3.4766	-1.8573
919	2691	2738.381	2.9633	3.4375	-1.8767
964	2521	2510.573	2.9841	3.3998	-1.8169
1012	2299	2313.467	3.0052	3.3643	-1.6826
1062	2126	2125.422	3.0261	3.3274	-1.7579
1115	1980	1944.720	3.0473	3.2889	-1.8245
1170	1768	1770.151	3.0682	3.2480	-1.9534
1228	1597	1599.502	3.0892	3.2040	-2.0952
1289	1444	1439.429	3.1103	3.1582	-2.1750
1353	1272	1294.923	3.1313	3.1122	-2.1833
1420	1174	1171.330	3.1523	3.0687	-2.0754
1491	1060	1061.650	3.1735	3.0260	-2.0151
1565	966	967.490	3.1945	2.9856	-1.9174
1643	883	879.448	3.2156	2.9442	-1.9617
1725	796	797.212	3.2368	2.9016	-2.0157
1811	717	723.559	3.2579	2.8595	-1.9925
1901	656	655.357	3.2790	2.8165	-2.0412
1996	596	595.618	3.3002	2.7750	-1.9600
2095	540	539.287	3.3212	2.7318	-2.0524
2199	486	484.624	3.3422	2.6854	-2.2059
2308	433	434.098	3.3632	2.6376	-2.2759
2423	383	387.927	3.3844	2.5887	-2.3126
2544	346	348.497	3.4055	2.5422	-2.1996
2671	314	314.804	3.4267	2.4980	-2.0872
2804	286	284.800	3.4478	2.4545	-2.0612
2944	258	257.117	3.4689	2.4101	-2.0988
3091	232	230.558	3.4901	2.3628	-2.2376
3245	205	206.665	3.5112	2.3153	-2.2502
3407	185	185.461	3.5324	2.2683	-2.2221
3577	166	166.572	3.5535	2.2216	-2.2061
3755	150	150.148	3.5746	2.1765	-2.1375
3942	136	135.214	3.5957	2.1310	-2.1556
4139	122	121.579	3.6169	2.0849	-2.1796
4345	109	109.333	3.6380	2.0388	-2.1857
4562	98	98.247	3.6592	1.9923	-2.1939
4790	88	88.452	3.6803	1.9467	-2.1534
5029	80	79.605	3.7015	1.9009	-2.1644
5280	72	71.389	3.7226	1.8536	-2.2366
5544	64	63.866	3.7438	1.8053	-2.2822
5821	57	56.936	3.7650	1.7554	-2.3557
6112	51	50.612	3.7862	1.7043	-2.4136
6417	45	44.925	3.8073	1.6525	-2.4478
6737	39	39.770	3.8285	1.5996	-2.5045
7073	35	35.263	3.8496	1.5473	-2.4716
7426	31	31.273	3.8708	1.4952	-2.4655
7797	28	27.781	3.8919	1.4437	-2.4285
8186	25	24.663	3.9131	1.3920	-2.4452
8595	22	21.795	3.9342	1.3384	-2.5359
9024	19	19.272	3.9554	1.2849	-2.5256
9475	17	16.992	3.9766	1.2303	-2.5815
9948	15	14.981	3.9977	1.1755	-2.5866
10445	13	13.242	4.0189	1.1220	-2.5302
10967	12	11.658	4.0401	1.0666	-2.6133
11515	10	10.291	4.0613	1.0125	-2.5562
12090	9	9.073	4.0824	0.9577	-2.5867
12694	8	7.978	4.1036	0.9019	-2.6383
13328	7	7.033	4.1248	0.8471	-2.5872
13994	6	6.151	4.1459	0.7889	-2.7477
14693	5	5.359	4.1671	0.7290	-2.8289
15427	5	4.728	4.1883	0.6747	-2.5675
16198	4	4.082	4.2095	0.6109	-3.0140
17007	4	3.578	4.2306	0.5536	-2.7053
17857	3	3.189	4.2518	0.5036	-2.3585
18749	3	2.679	4.2730	0.4280	-3.5716
19686	2	2.391	4.2942	0.3786	-2.3318
20670	2	2.146	4.3153	0.3317	-2.2178
21703	2	1.861	4.3365	0.2697	-2.9233
22788	2	1.593	4.3577	0.2023	-3.1820
23927	1	1.339	4.3789	0.1266	-3.5731
25123	1	1.096	4.4001	0.0397	-4.1052
26379	1	1.000	4.4213	0.0000	-1.8731
27697	1	1.000	4.4424	0.0000	0.0000
29081	1	1.000	4.4636	0.0000	0.0000
30535	1	0.960	4.4848	-0.0178	-0.8396
32061	1	0.688	4.5060	-0.1627	-6.8427
33664	0	0.428	4.5272	-0.3684	-9.7086
35347	0	0.181	4.5484	-0.7422	-17.6402
37114	0	0.000	4.5695	0.0000	35.0324
38969	0	0.000	4.5907	0.0000	0.0000
40917	0	0.000	4.6119	0.0000	0.0000
42962	0	0.000	4.6331	0.0000	0.0000
45110	0	0.000	4.6543	0.0000	0.0000
47365	0	0.000	4.6755	0.0000	0.0000
49733	0	0.000	4.6966	0.0000	0.0000
52219	0	0.000	4.7178	0.0000	0.0000
54829	0	0.000	4.7390	0.0000	0.0000
57570	0	0.000	4.7602	0.0000	0.0000
60448	0	0.000	4.7814	0.0000	0.0000
63470	0	0.000	4.8026	0.0000	0.0000
66643	0	0.000	4.8238	0.0000	0.0000
69975	0	0.000	4.8449	0.0000	0.0000
73473	0	0.000	4.8661	0.0000	0.0000
77146	0	0.000	4.8873	0.0000	0.0000
81003	0	0.000	4.9085	0.0000	0.0000
85053	0	0.000	4.9297	0.0000	0.0000
89305	0	0.000	4.9509	0.0000	0.0000
93770	0	0.000	4.9721	0.0000	0.0000
98458	0	0.000	4.9933	0.0000	0.0000
103380	0	0.000	5.0144	0.0000	0.0000
108549	0	0.000	5.0356	0.0000	0.0000
113976	0	0.000	5.0568	0.0000	0.0000
119674	0	0.000	5.0780	0.0000	0.0000
125657	0	0.000	5.0992	0.0000	0.0000
131939	0	0.000	5.1204	0.0000	0.0000
138535	0	0.000	5.1416	0.0000	0.0000
145461	0	0.000	5.1627	0.0000	0.0000
152734	0	0.000	5.1839	0.0000	0.0000
160370	0	0.000	5.2051	0.0000	0.0000
168388	0	0.000	5.2263	0.0000	0.0000
176807	0	0.000	5.2475	0.0000	0.0000
185647	0	0.000	5.2687	0.0000	0.0000
194929	0	0.000	5.2899	0.0000	0.0000
204675	0	0.000	5.3111	0.0000	0.0000
214908	0	0.000	5.3323	0.0000	0.0000
225653	0	0.000	5.3534	0.0000	0.0000
236935	0	0.000	5.3746	0.0000	0.0000
248781	0	0.000	5.3958	0.0000	0.0000
261220	0	0.000	5.4170	0.0000	0.0000
274281	0	0.000	5.4382	0.0000	0.0000
287995	0	0.000	5.4594	0.0000	0.0000
302394	0	0.000	5.4806	0.0000	0.0000
317513	0	0.000	5.5018	0.0000	0.0000
333388	0	0.000	5.5229	0.0000	0.0000
350057	0	0.000	5.5441	0.0000	0.0000
367559	0	0.000	5.5653	0.0000	0.0000
385936	0	0.000	5.5865	0.0000	0.0000
405232	0	0.000	5.6077	0.0000	0.0000
425493	0	0.000	5.6289	0.0000	0.0000
436498	0	0.000	5.6400	0.0000	0.0000
