rank,word,frequency,cum_pct,region
1,的,0.06170000,6.1700,R1
2,是,0.01480000,7.6500,R1
3,在,0.01450000,9.1000,R1
4,了,0.01380000,10.4800,R1
5,我,0.00891000,11.3710,R1
6,和,0.00724000,12.0950,R1
7,有,0.00676000,12.7710,R1
8,不,0.00575000,13.3460,R1
9,人,0.00550000,13.8960,R1
10,也,0.00501000,14.3970,R1
11,你,0.00501000,14.8980,R1
12,为,0.00490000,15.3880,R1
13,他,0.00479000,15.8670,R1
14,这,0.00479000,16.3460,R1
15,中,0.00447000,16.7930,R1
16,与,0.00437000,17.2300,R1
17,年,0.00437000,17.6670,R1
18,对,0.00427000,18.0940,R1
19,就,0.00398000,18.4920,R1
20,都,0.00389000,18.8810,R1
21,一个,0.00363000,19.2440,R1
22,上,0.00355000,19.5990,R1
23,说,0.00355000,19.9540,R1
24,吗,0.00339000,20.2930,R1
25,我们,0.00339000,20.6320,R1
26,会,0.00302000,20.9340,R1
27,到,0.00302000,21.2360,R1
28,要,0.00288000,21.5240,R1
29,来,0.00282000,21.8060,R1
30,中国,0.00275000,22.0810,R1
31,月,0.00275000,22.3560,R1
32,被,0.00263000,22.6190,R1
33,他们,0.00251000,22.8700,R1
34,没有,0.00240000,23.1100,R1
35,还,0.00240000,23.3500,R1
36,而,0.00229000,23.5790,R1
37,个,0.00224000,23.8030,R1
38,可以,0.00219000,24.0220,R1
39,后,0.00214000,24.2360,R1
40,等,0.00214000,24.4500,R1
41,但,0.00209000,24.6590,R1
42,于,0.00204000,24.8630,R1
43,什么,0.00200000,25.0630,R1
44,日,0.00200000,25.2630,R1
45,这个,0.00200000,25.4630,R1
46,将,0.00195000,25.6580,R1
47,并,0.00195000,25.8530,R1
48,能,0.00195000,26.0480,R1
49,一,0.00186000,26.2340,R1
50,很,0.00186000,26.4200,R1
51,让,0.00182000,26.6020,R1
52,从,0.00178000,26.7800,R1
53,国家,0.00178000,26.9580,R1
54,以,0.00174000,27.1320,R1
55,好,0.00174000,27.3060,R1
56,大,0.00170000,27.4760,R1
57,她,0.00170000,27.6460,R1
58,着,0.00166000,27.8120,R1
59,多,0.00162000,27.9740,R1
60,自己,0.00158000,28.1320,R1
61,问题,0.00155000,28.2870,R1
62,时,0.00151000,28.4380,R1
63,给,0.00151000,28.5890,R1
64,把,0.00148000,28.7370,R1
65,去,0.00145000,28.8820,R1
66,看,0.00145000,29.0270,R1
67,又,0.00138000,29.1650,R1
68,美国,0.00138000,29.3030,R1
69,或,0.00132000,29.4350,R1
70,因为,0.00129000,29.5640,R1
71,下,0.00126000,29.6900,R1
72,不是,0.00126000,29.8160,R1
73,之,0.00126000,29.9420,R1
74,现在,0.00126000,30.0680,R1
75,过,0.00126000,30.1940,R1
76,新,0.00123000,30.3170,R1
77,里,0.00123000,30.4400,R1
78,做,0.00120000,30.5600,R1
79,及,0.00120000,30.6800,R1
80,地,0.00120000,30.8000,R1
81,由,0.00120000,30.9200,R1
82,3,0.00117000,31.0370,R1
83,怎么,0.00117000,31.1540,R1
84,没,0.00117000,31.2710,R1
85,用,0.00117000,31.3880,R1
86,就是,0.00115000,31.5030,R1
87,已经,0.00115000,31.6180,R1
88,更,0.00115000,31.7330,R1
89,这些,0.00112000,31.8450,R1
90,1,0.00110000,31.9550,R1
91,得,0.00110000,32.0650,R1
92,所,0.00110000,32.1750,R1
93,发展,0.00107000,32.2820,R1
94,开始,0.00107000,32.3890,R1
95,想,0.00107000,32.4960,R1
96,最,0.00107000,32.6030,R1
97,这样,0.00107000,32.7100,R1
98,公司,0.00105000,32.8150,R1
99,它,0.00105000,32.9200,R1
100,政府,0.00105000,33.0250,R1
101,可能,0.00102000,33.1270,R1
102,那,0.00102000,33.2290,R1
103,2,0.00100000,33.3290,R1
104,工作,0.00097700,33.4267,R1
105,社会,0.00097700,33.5244,R1
106,三,0.00095500,33.6199,R1
107,可,0.00095500,33.7154,R1
108,吧,0.00095500,33.8109,R1
109,如果,0.00093300,33.9042,R1
110,知道,0.00093300,33.9975,R1
111,进行,0.00093300,34.0908,R1
112,世界,0.00091200,34.1820,R1
113,其,0.00091200,34.2732,R1
114,日本,0.00091200,34.3644,R1
115,该,0.00091200,34.4556,R1
116,5,0.00089100,34.5447,R1
117,不能,0.00087100,34.6318,R1
118,只,0.00087100,34.7189,R1
119,向,0.00087100,34.8060,R1
120,计划,0.00087100,34.8931,R1
121,前,0.00085100,34.9782,R1
122,成为,0.00085100,35.0633,R1
123,时间,0.00085100,35.1484,R1
124,认为,0.00085100,35.2335,R1
125,需要,0.00085100,35.3186,R1
126,出,0.00083200,35.4018,R1
127,啊,0.00083200,35.4850,R1
128,已,0.00083200,35.5682,R1
129,再,0.00077600,35.6458,R1
130,国际,0.00077600,35.7234,R1
131,地区,0.00077600,35.8010,R1
132,小,0.00077600,35.8786,R1
133,当,0.00077600,35.9562,R1
134,时候,0.00077600,36.0338,R1
135,们,0.00075900,36.1097,R1
136,内,0.00075900,36.1856,R1
137,却,0.00075900,36.2615,R1
138,使用,0.00074100,36.3356,R1
139,才,0.00074100,36.4097,R1
140,经济,0.00074100,36.4838,R1
141,活动,0.00072400,36.5562,R1
142,爱,0.00072400,36.6286,R1
143,但是,0.00070800,36.6994,R1
144,历史,0.00070800,36.7702,R1
145,应该,0.00070800,36.8410,R1
146,政治,0.00070800,36.9118,R1
147,第,0.00070800,36.9826,R1
148,谁,0.00070800,37.0534,R1
149,4,0.00069200,37.1226,R1
150,不会,0.00069200,37.1918,R1
151,以及,0.00069200,37.2610,R1
152,情况,0.00069200,37.3302,R1
153,真的,0.00069200,37.3994,R1
154,组织,0.00069200,37.4686,R1
155,8,0.00067600,37.5362,R1
156,人民,0.00067600,37.6038,R1
157,其他,0.00067600,37.6714,R1
158,发生,0.00067600,37.7390,R1
159,主要,0.00066100,37.8051,R1
160,号,0.00066100,37.8712,R1
161,地方,0.00066100,37.9373,R1
162,网站,0.00066100,38.0034,R1
163,香港,0.00066100,38.0695,R1
164,生活,0.00064600,38.1341,R1
165,这种,0.00064600,38.1987,R1
166,你们,0.00063100,38.2618,R1
167,通过,0.00063100,38.3249,R1
168,为了,0.00061700,38.3866,R1
169,事,0.00061700,38.4483,R1
170,同时,0.00061700,38.5100,R1
171,必须,0.00061700,38.5717,R1
172,快,0.00061700,38.6334,R1
173,所以,0.00060300,38.6937,R1
174,所有,0.00060300,38.7540,R1
175,比,0.00060300,38.8143,R1
176,跟,0.00060300,38.8746,R1
177,包括,0.00058900,38.9335,R1
178,发现,0.00058900,38.9924,R1
179,请,0.00058900,39.0513,R1
180,还有,0.00058900,39.1102,R1
181,长,0.00058900,39.1691,R1
182,一些,0.00057500,39.2266,R1
183,为什么,0.00057500,39.2841,R1
184,全国,0.00057500,39.3416,R1
185,决定,0.00057500,39.3991,R1
186,出现,0.00057500,39.4566,R1
187,呢,0.00057500,39.5141,R1
188,如何,0.00057500,39.5716,R1
189,还是,0.00057500,39.6291,R1
190,a,0.00056200,39.6853,R1
191,一样,0.00056200,39.7415,R1
192,企业,0.00056200,39.7977,R1
193,其中,0.00056200,39.8539,R1
194,北京,0.00056200,39.9101,R1
195,觉得,0.00056200,39.9663,R1
196,重要,0.00056200,40.0225,R1
197,高,0.00056200,40.0787,R1
198,6,0.00055000,40.1337,R1
199,影响,0.00055000,40.1887,R1
200,the,0.00053700,40.2424,R1
201,则,0.00053700,40.2961,R1
202,喜欢,0.00053700,40.3498,R1
203,文化,0.00053700,40.4035,R1
204,起来,0.00053700,40.4572,R1
205,不过,0.00052500,40.5097,R1
206,作为,0.00052500,40.5622,R1
207,学生,0.00052500,40.6147,R1
208,希望,0.00052500,40.6672,R1
209,技术,0.00052500,40.7197,R1
210,提供,0.00052500,40.7722,R1
211,至,0.00052500,40.8247,R1
212,要求,0.00052500,40.8772,R1
213,那么,0.00052500,40.9297,R1
214,钱,0.00052500,40.9822,R1
215,7,0.00051300,41.0335,R1
216,一定,0.00051300,41.0848,R1
217,不同,0.00051300,41.1361,R1
218,电影,0.00051300,41.1874,R1
219,万,0.00050100,41.2375,R1
220,不要,0.00050100,41.2876,R1
221,使,0.00050100,41.3377,R1
222,像,0.00050100,41.3878,R1
223,点,0.00050100,41.4379,R1
224,关系,0.00049000,41.4869,R1
225,只是,0.00049000,41.5359,R1
226,听,0.00049000,41.5849,R1
227,研究,0.00049000,41.6339,R1
228,这么,0.00049000,41.6829,R1
229,出来,0.00047900,41.7308,R1
230,根据,0.00047900,41.7787,R1
231,此,0.00047900,41.8266,R1
232,系统,0.00047900,41.8745,R1
233,起,0.00047900,41.9224,R1
234,两,0.00046800,41.9692,R1
235,任何,0.00046800,42.0160,R1
236,只有,0.00046800,42.0628,R1
237,服务,0.00046800,42.1096,R1
238,结果,0.00046800,42.1564,R1
239,自,0.00046800,42.2032,R1
240,这里,0.00046800,42.2500,R1
241,一起,0.00045700,42.2957,R1
242,因此,0.00045700,42.3414,R1
243,国,0.00045700,42.3871,R1
244,如,0.00045700,42.4328,R1
245,带,0.00045700,42.4785,R1
246,游戏,0.00045700,42.5242,R1
247,看到,0.00045700,42.5699,R1
248,虽然,0.00045700,42.6156,R1
249,走,0.00045700,42.6613,R1
250,9,0.00044700,42.7060,R1
251,中心,0.00044700,42.7507,R1
252,人们,0.00044700,42.7954,R1
253,今天,0.00044700,42.8401,R1
254,代表,0.00044700,42.8848,R1
255,吃,0.00044700,42.9295,R1
256,岁,0.00044700,42.9742,R1
257,支持,0.00044700,43.0189,R1
258,无,0.00044700,43.0636,R1
259,而且,0.00044700,43.1083,R1
260,话,0.00044700,43.1530,R1
261,较,0.00044700,43.1977,R1
262,一直,0.00043700,43.2414,R1
263,么,0.00043700,43.2851,R1
264,区,0.00043700,43.3288,R1
265,城市,0.00043700,43.3725,R1
266,太,0.00043700,43.4162,R1
267,家,0.00043700,43.4599,R1
268,市场,0.00043700,43.5036,R1
269,最后,0.00043700,43.5473,R1
270,约,0.00043700,43.5910,R1
271,继续,0.00043700,43.6347,R1
272,者,0.00043700,43.6784,R1
273,东西,0.00042700,43.7211,R1
274,之后,0.00042700,43.7638,R1
275,内容,0.00042700,43.8065,R1
276,对于,0.00042700,43.8492,R1
277,开,0.00042700,43.8919,R1
278,教育,0.00042700,43.9346,R1
279,特别,0.00042700,43.9773,R1
280,由于,0.00042700,44.0200,R1
281,获得,0.00042700,44.0627,R1
282,许多,0.00042700,44.1054,R1
283,问,0.00042700,44.1481,R1
284,两个,0.00041700,44.1898,R1
285,大学,0.00041700,44.2315,R1
286,学校,0.00041700,44.2732,R1
287,方式,0.00041700,44.3149,R1
288,朋友,0.00041700,44.3566,R1
289,目前,0.00041700,44.3983,R1
290,站,0.00041700,44.4400,R1
291,表示,0.00041700,44.4817,R1
292,资料,0.00041700,44.5234,R1
293,这是,0.00041700,44.5651,R1
294,一种,0.00040700,44.6058,R1
295,元,0.00040700,44.6465,R1
296,关于,0.00040700,44.6872,R1
297,写,0.00040700,44.7279,R1
298,因,0.00040700,44.7686,R1
299,孩子,0.00040700,44.8093,R1
300,安全,0.00040700,44.8500,R1
301,成,0.00040700,44.8907,R1
302,大家,0.00039800,44.9305,R1
303,打,0.00039800,44.9703,R1
304,运动,0.00039800,45.0101,R1
305,部分,0.00039800,45.0499,R1
306,分,0.00038900,45.0888,R1
307,很多,0.00038900,45.1277,R1
308,死,0.00038900,45.1666,R1
309,见,0.00038900,45.2055,R1
310,非常,0.00038900,45.2444,R1
311,买,0.00038000,45.2824,R1
312,叫,0.00038000,45.3204,R1
313,台湾,0.00038000,45.3584,R1
314,图,0.00038000,45.3964,R1
315,建设,0.00038000,45.4344,R1
316,新闻,0.00038000,45.4724,R1
317,曾,0.00038000,45.5104,R1
318,有人,0.00038000,45.5484,R1
319,自由,0.00038000,45.5864,R1
320,参加,0.00037200,45.6236,R1
321,当时,0.00037200,45.6608,R1
322,过去,0.00037200,45.6980,R1
323,那些,0.00037200,45.7352,R1
324,产品,0.00036300,45.7715,R1
325,会议,0.00036300,45.8078,R1
326,单位,0.00036300,45.8441,R1
327,即,0.00036300,45.8804,R1
328,完全,0.00036300,45.9167,R1
329,建立,0.00036300,45.9530,R1
330,得到,0.00036300,45.9893,R1
331,有关,0.00036300,46.0256,R1
332,生产,0.00036300,46.0619,R1
333,相关,0.00036300,46.0982,R1
334,道,0.00036300,46.1345,R1
335,国内,0.00035500,46.1700,R1
336,天,0.00035500,46.2055,R1
337,委员会,0.00035500,46.2410,R1
338,总,0.00035500,46.2765,R1
339,然后,0.00035500,46.3120,R1
340,选择,0.00035500,46.3475,R1
341,那个,0.00035500,46.3830,R1
342,一切,0.00034700,46.4177,R1
343,一次,0.00034700,46.4524,R1
344,人口,0.00034700,46.4871,R1
345,另,0.00034700,46.5218,R1
346,应,0.00034700,46.5565,R1
347,无法,0.00034700,46.5912,R1
348,正,0.00034700,46.6259,R1
349,管理,0.00034700,46.6606,R1
350,能够,0.00034700,46.6953,R1
351,记者,0.00034700,46.7300,R1
352,进入,0.00034700,46.7647,R1
353,领导,0.00034700,46.7994,R1
354,s,0.00033900,46.8333,R1
355,上海,0.00033900,46.8672,R1
356,个人,0.00033900,46.9011,R1
357,便,0.00033900,46.9350,R1
358,党,0.00033900,46.9689,R1
359,间,0.00033900,47.0028,R1
360,一般,0.00033100,47.0359,R1
361,发,0.00033100,47.0690,R1
362,名,0.00033100,47.1021,R1
363,完成,0.00033100,47.1352,R1
364,干,0.00033100,47.1683,R1
365,本,0.00033100,47.2014,R1
366,环境,0.00033100,47.2345,R1
367,网络,0.00033100,47.2676,R1
368,达,0.00033100,47.3007,R1
369,一点,0.00032400,47.3331,R1
370,保护,0.00032400,47.3655,R1
371,找,0.00032400,47.3979,R1
372,提出,0.00032400,47.4303,R1
373,民主,0.00032400,47.4627,R1
374,甚至,0.00032400,47.4951,R1
375,称,0.00032400,47.5275,R1
376,事件,0.00031600,47.5591,R1
377,当然,0.00031600,47.5907,R1
378,您,0.00031600,47.6223,R1
379,机构,0.00031600,47.6539,R1
380,法律,0.00031600,47.6855,R1
381,玩,0.00031600,47.7171,R1
382,视频,0.00031600,47.7487,R1
383,过程,0.00031600,47.7803,R1
384,准备,0.00030900,47.8112,R1
385,县,0.00030900,47.8421,R1
386,受,0.00030900,47.8730,R1
387,直接,0.00030900,47.9039,R1
388,真,0.00030900,47.9348,R1
389,设计,0.00030900,47.9657,R1
390,进,0.00030900,47.9966,R1
391,之间,0.00030200,48.0268,R1
392,事情,0.00030200,48.0570,R1
393,人员,0.00030200,48.0872,R1
394,信息,0.00030200,48.1174,R1
395,哪里,0.00030200,48.1476,R1
396,处,0.00030200,48.1778,R1
397,女,0.00030200,48.2080,R1
398,存在,0.00030200,48.2382,R1
399,学习,0.00030200,48.2684,R1
400,总统,0.00030200,48.2986,R1
401,成功,0.00030200,48.3288,R1
402,或者,0.00030200,48.3590,R1
403,战争,0.00030200,48.3892,R1
404,报告,0.00030200,48.4194,R1
405,最大,0.00030200,48.4496,R1
406,每,0.00030200,48.4798,R1
407,比较,0.00030200,48.5100,R1
408,照片,0.00030200,48.5402,R1
409,种,0.00030200,48.5704,R1
410,英国,0.00030200,48.6006,R1
411,各,0.00029500,48.6301,R1
412,市,0.00029500,48.6596,R1
413,接受,0.00029500,48.6891,R1
414,改变,0.00029500,48.7186,R1
415,政策,0.00029500,48.7481,R1
416,方法,0.00029500,48.7776,R1
417,时期,0.00029500,48.8071,R1
418,正在,0.00029500,48.8366,R1
419,科技,0.00029500,48.8661,R1
420,项目,0.00029500,48.8956,R1
421,一下,0.00028800,48.9244,R1
422,不断,0.00028800,48.9532,R1
423,以后,0.00028800,48.9820,R1
424,位,0.00028800,49.0108,R1
425,作,0.00028800,49.0396,R1
426,合作,0.00028800,49.0684,R1
427,故事,0.00028800,49.0972,R1
428,方面,0.00028800,49.1260,R1
429,有些,0.00028800,49.1548,R1
430,未,0.00028800,49.1836,R1
431,次,0.00028800,49.2124,R1
432,省,0.00028800,49.2412,R1
433,网,0.00028800,49.2700,R1
434,老,0.00028800,49.2988,R2
435,认识,0.00028800,49.3276,R2
436,资源,0.00028800,49.3564,R2
437,集团,0.00028800,49.3852,R2
438,专业,0.00028200,49.4134,R2
439,之前,0.00028200,49.4416,R2
440,任务,0.00028200,49.4698,R2
441,原因,0.00028200,49.4980,R2
442,参与,0.00028200,49.5262,R2
443,外,0.00028200,49.5544,R2
444,女人,0.00028200,49.5826,R2
445,小时,0.00028200,49.6108,R2
446,成立,0.00028200,49.6390,R2
447,是否,0.00028200,49.6672,R2
448,科学,0.00028200,49.6954,R2
449,经,0.00028200,49.7236,R2
450,规定,0.00028200,49.7518,R2
451,举行,0.00027500,49.7793,R2
452,了解,0.00027500,49.8068,R2
453,副,0.00027500,49.8343,R2
454,处理,0.00027500,49.8618,R2
455,多少,0.00027500,49.8893,R2
456,感觉,0.00027500,49.9168,R2
457,拥有,0.00027500,49.9443,R2
458,时代,0.00027500,49.9718,R2
459,电话,0.00027500,49.9993,R2
460,能力,0.00027500,50.0268,R2
461,艺术,0.00027500,50.0543,R2
462,解决,0.00027500,50.0818,R2
463,马,0.00027500,50.1093,R2
464,传统,0.00026900,50.1362,R2
465,全球,0.00026900,50.1631,R2
466,其实,0.00026900,50.1900,R2
467,机会,0.00026900,50.2169,R2
468,独立,0.00026900,50.2438,R2
469,美,0.00026900,50.2707,R2
470,行,0.00026900,50.2976,R2
471,行为,0.00026900,50.3245,R2
472,超过,0.00026900,50.3514,R2
473,路,0.00026900,50.3783,R2
474,连,0.00026900,50.4052,R2
475,韩国,0.00026900,50.4321,R2
476,产生,0.00026300,50.4584,R2
477,人类,0.00026300,50.4847,R2
478,分析,0.00026300,50.5110,R2
479,制,0.00026300,50.5373,R2
480,各种,0.00026300,50.5636,R2
481,告诉,0.00026300,50.5899,R2
482,它们,0.00026300,50.6162,R2
483,手机,0.00026300,50.6425,R2
484,投资,0.00026300,50.6688,R2
485,拿,0.00026300,50.6951,R2
486,期间,0.00026300,50.7214,R2
487,法国,0.00026300,50.7477,R2
488,目标,0.00026300,50.7740,R2
489,真正,0.00026300,50.8003,R2
490,调查,0.00026300,50.8266,R2
491,世纪,0.00025700,50.8523,R2
492,严重,0.00025700,50.8780,R2
493,仍,0.00025700,50.9037,R2
494,军,0.00025700,50.9294,R2
495,同,0.00025700,50.9551,R2
496,哪,0.00025700,50.9808,R2
497,增加,0.00025700,51.0065,R2
498,帮助,0.00025700,51.0322,R2
499,并且,0.00025700,51.0579,R2
500,行动,0.00025700,51.0836,R2
501,造成,0.00025700,51.1093,R2
502,of,0.00025100,51.1344,R2
503,作品,0.00025100,51.1595,R2
504,先,0.00025100,51.1846,R2
505,占,0.00025100,51.2097,R2
506,受到,0.00025100,51.2348,R2
507,台,0.00025100,51.2599,R2
508,基础,0.00025100,51.2850,R2
509,家庭,0.00025100,51.3101,R2
510,工业,0.00025100,51.3352,R2
511,杀,0.00025100,51.3603,R2
512,相信,0.00025100,51.3854,R2
513,第一,0.00025100,51.4105,R2
514,负责,0.00025100,51.4356,R2
515,二,0.00024500,51.4601,R2
516,住,0.00024500,51.4846,R2
517,具有,0.00024500,51.5091,R2
518,学,0.00024500,51.5336,R2
519,实现,0.00024500,51.5581,R2
520,怎样,0.00024500,51.5826,R2
521,据,0.00024500,51.6071,R2
522,控制,0.00024500,51.6316,R2
523,根本,0.00024500,51.6561,R2
524,男人,0.00024500,51.6806,R2
525,结束,0.00024500,51.7051,R2
526,非,0.00024500,51.7296,R2
527,t,0.00024000,51.7536,R2
528,书,0.00024000,51.7776,R2
529,亦,0.00024000,51.8016,R2
530,别,0.00024000,51.8256,R2
531,努力,0.00024000,51.8496,R2
532,只要,0.00024000,51.8736,R2
533,回,0.00024000,51.8976,R2
534,如此,0.00024000,51.9216,R2
535,媒体,0.00024000,51.9456,R2
536,才能,0.00024000,51.9696,R2
537,整个,0.00024000,51.9936,R2
538,来自,0.00024000,52.0176,R2
539,经过,0.00024000,52.0416,R2
540,群众,0.00024000,52.0656,R2
541,选举,0.00024000,52.0896,R2
542,以下,0.00023400,52.1130,R2
543,利用,0.00023400,52.1364,R2
544,制度,0.00023400,52.1598,R2
545,我国,0.00023400,52.1832,R2
546,欧洲,0.00023400,52.2066,R2
547,每个,0.00023400,52.2300,R2
548,比赛,0.00023400,52.2534,R2
549,表现,0.00023400,52.2768,R2
550,达到,0.00023400,52.3002,R2
551,主席,0.00022900,52.3231,R2
552,以上,0.00022900,52.3460,R2
553,以来,0.00022900,52.3689,R2
554,几个,0.00022900,52.3918,R2
555,办法,0.00022900,52.4147,R2
556,图片,0.00022900,52.4376,R2
557,年代,0.00022900,52.4605,R2
558,开发,0.00022900,52.4834,R2
559,心,0.00022900,52.5063,R2
560,成员,0.00022900,52.5292,R2
561,未来,0.00022900,52.5521,R2
562,讲,0.00022900,52.5750,R2
563,革命,0.00022900,52.5979,R2
564,价值,0.00022400,52.6203,R2
565,反,0.00022400,52.6427,R2
566,基本,0.00022400,52.6651,R2
567,导致,0.00022400,52.6875,R2
568,条,0.00022400,52.7099,R2
569,注意,0.00022400,52.7323,R2
570,的话,0.00022400,52.7547,R2
571,离开,0.00022400,52.7771,R2
572,送,0.00022400,52.7995,R2
573,除了,0.00022400,52.8219,R2
574,加入,0.00021900,52.8438,R2
575,反对,0.00021900,52.8657,R2
576,发布,0.00021900,52.8876,R2
577,啦,0.00021900,52.9095,R2
578,属于,0.00021900,52.9314,R2
579,建筑,0.00021900,52.9533,R2
580,形成,0.00021900,52.9752,R2
581,数据,0.00021900,52.9971,R2
582,版,0.00021900,53.0190,R2
583,行政,0.00021900,53.0409,R2
584,银行,0.00021900,53.0628,R2
585,音乐,0.00021900,53.0847,R2
586,0,0.00021400,53.1061,R2
587,之一,0.00021400,53.1275,R2
588,变化,0.00021400,53.1489,R2
589,增长,0.00021400,53.1703,R2
590,官方,0.00021400,53.1917,R2
591,德国,0.00021400,53.2131,R2
592,性,0.00021400,53.2345,R2
593,指,0.00021400,53.2559,R2
594,是不是,0.00021400,53.2773,R2
595,显示,0.00021400,53.2987,R2
596,经验,0.00021400,53.3201,R2
597,语言,0.00021400,53.3415,R2
598,and,0.00020900,53.3624,R2
599,专家,0.00020900,53.3833,R2
600,价格,0.00020900,53.4042,R2
601,医院,0.00020900,53.4251,R2
602,均,0.00020900,53.4460,R2
603,建议,0.00020900,53.4669,R2
604,怎么样,0.00020900,53.4878,R2
605,指出,0.00020900,53.5087,R2
606,期,0.00020900,53.5296,R2
607,权利,0.00020900,53.5505,R2
608,条件,0.00020900,53.5714,R2
609,来说,0.00020900,53.5923,R2
610,标准,0.00020900,53.6132,R2
611,法,0.00020900,53.6341,R2
612,说明,0.00020900,53.6550,R2
613,这次,0.00020900,53.6759,R2
614,部门,0.00020900,53.6968,R2
615,m,0.00020400,53.7172,R2
616,全,0.00020400,53.7376,R2
617,变,0.00020400,53.7580,R3
618,可是,0.00020400,53.7784,R3
619,改革,0.00020400,53.7988,R3
620,母亲,0.00020400,53.8192,R3
621,米,0.00020400,53.8396,R3
622,系列,0.00020400,53.8600,R3
623,联系,0.00020400,53.8804,R3
624,警察,0.00020400,53.9008,R3
625,记录,0.00020400,53.9212,R3
626,不仅,0.00020000,53.9412,R3
627,人物,0.00020000,53.9612,R3
628,共,0.00020000,53.9812,R3
629,别人,0.00020000,54.0012,R3
630,后来,0.00020000,54.0212,R3
631,女性,0.00020000,54.0412,R3
632,意见,0.00020000,54.0612,R3
633,执行,0.00020000,54.0812,R3
634,最高,0.00020000,54.1012,R3
635,机关,0.00020000,54.1212,R3
636,水,0.00020000,54.1412,R3
637,生,0.00020000,54.1612,R3
638,用户,0.00020000,54.1812,R3
639,确定,0.00020000,54.2012,R3
640,解释,0.00020000,54.2212,R3
641,中央,0.00019500,54.2407,R3
642,以前,0.00019500,54.2602,R3
643,俄罗斯,0.00019500,54.2797,R3
644,先生,0.00019500,54.2992,R3
645,关注,0.00019500,54.3187,R3
646,分别,0.00019500,54.3382,R3
647,区域,0.00019500,54.3577,R3
648,工程,0.00019500,54.3772,R3
649,父亲,0.00019500,54.3967,R3
650,理论,0.00019500,54.4162,R3
651,简单,0.00019500,54.4357,R3
652,结构,0.00019500,54.4552,R3
653,综合,0.00019500,54.4747,R3
654,老师,0.00019500,54.4942,R3
655,讨论,0.00019500,54.5137,R3
656,证明,0.00019500,54.5332,R3
657,采用,0.00019500,54.5527,R3
658,in,0.00019100,54.5718,R3
659,一位,0.00019100,54.5909,R3
660,不到,0.00019100,54.6100,R3
661,儿子,0.00019100,54.6291,R3
662,全部,0.00019100,54.6482,R3
663,公开,0.00019100,54.6673,R3
664,发表,0.00019100,54.6864,R3
665,宣布,0.00019100,54.7055,R3
666,当地,0.00019100,54.7246,R3
667,最近,0.00019100,54.7437,R3
668,派,0.00019100,54.7628,R3
669,社区,0.00019100,54.7819,R3
670,自然,0.00019100,54.8010,R3
671,那里,0.00019100,54.8201,R3
672,今年,0.00018600,54.8387,R3
673,介绍,0.00018600,54.8573,R3
674,以为,0.00018600,54.8759,R3
675,功能,0.00018600,54.8945,R3
676,坚持,0.00018600,54.9131,R3
677,学院,0.00018600,54.9317,R3
678,意思,0.00018600,54.9503,R3
679,找到,0.00018600,54.9689,R3
680,提高,0.00018600,54.9875,R3
681,搞,0.00018600,55.0061,R3
682,范围,0.00018600,55.0247,R3
683,车,0.00018600,55.0433,R3
684,b,0.00018200,55.0615,R3
685,例如,0.00018200,55.0797,R3
686,共同,0.00018200,55.0979,R3
687,农业,0.00018200,55.1161,R3
688,力量,0.00018200,55.1343,R3
689,原,0.00018200,55.1525,R3
690,取得,0.00018200,55.1707,R3
691,同样,0.00018200,55.1889,R3
692,土地,0.00018200,55.2071,R3
693,实施,0.00018200,55.2253,R3
694,手,0.00018200,55.2435,R3
695,旅游,0.00018200,55.2617,R3
696,正式,0.00018200,55.2799,R3
697,民族,0.00018200,55.2981,R3
698,类,0.00018200,55.3163,R3
699,级,0.00018200,55.3345,R3
700,组成,0.00018200,55.3527,R3
701,i,0.00017800,55.3705,R3
702,一天,0.00017800,55.3883,R3
703,些,0.00017800,55.4061,R3
704,保证,0.00017800,55.4239,R3
705,健康,0.00017800,55.4417,R3
706,场,0.00017800,55.4595,R3
707,大量,0.00017800,55.4773,R3
708,实际,0.00017800,55.4951,R3
709,容易,0.00017800,55.5129,R3
710,开放,0.00017800,55.5307,R3
711,持续,0.00017800,55.5485,R3
712,权力,0.00017800,55.5663,R3
713,永远,0.00017800,55.5841,R3
714,消息,0.00017800,55.6019,R3
715,然而,0.00017800,55.6197,R3
716,电视,0.00017800,55.6375,R3
717,看看,0.00017800,55.6553,R3
718,精神,0.00017800,55.6731,R3
719,考虑,0.00017800,55.6909,R3
720,重点,0.00017800,55.7087,R3
721,位于,0.00017400,55.7261,R3
722,免费,0.00017400,55.7435,R3
723,印度,0.00017400,55.7609,R3
724,变成,0.00017400,55.7783,R3
725,另外,0.00017400,55.7957,R3
726,型,0.00017400,55.8131,R3
727,声音,0.00017400,55.8305,R3
728,女儿,0.00017400,55.8479,R3
729,妈妈,0.00017400,55.8653,R3
730,应用,0.00017400,55.8827,R3
731,想要,0.00017400,55.9001,R3
732,按,0.00017400,55.9175,R3
733,明白,0.00017400,55.9349,R3
734,最终,0.00017400,55.9523,R3
735,汽车,0.00017400,55.9697,R3
736,相当,0.00017400,55.9871,R3
737,空间,0.00017400,56.0045,R3
738,线,0.00017400,56.0219,R3
739,终于,0.00017400,56.0393,R3
740,美元,0.00017400,56.0567,R3
741,设备,0.00017400,56.0741,R3
742,足球,0.00017400,56.0915,R3
743,里面,0.00017400,56.1089,R3
744,领域,0.00017400,56.1263,R3
745,产业,0.00017000,56.1433,R3
746,亿,0.00017000,56.1603,R3
747,作用,0.00017000,56.1773,R3
748,几乎,0.00017000,56.1943,R3
749,分钟,0.00017000,56.2113,R3
750,十分,0.00017000,56.2283,R3
751,哦,0.00017000,56.2453,R3
752,回来,0.00017000,56.2623,R3
753,意义,0.00017000,56.2793,R3
754,报,0.00017000,56.2963,R3
755,文章,0.00017000,56.3133,R3
756,生命,0.00017000,56.3303,R3
757,男,0.00017000,56.3473,R3
758,若,0.00017000,56.3643,R3
759,跑,0.00017000,56.3813,R3
760,靠,0.00017000,56.3983,R3
761,面积,0.00017000,56.4153,R3
762,亚洲,0.00016600,56.4319,R3
763,加,0.00016600,56.4485,R3
764,原来,0.00016600,56.4651,R3
765,名字,0.00016600,56.4817,R3
766,唯一,0.00016600,56.4983,R3
767,少,0.00016600,56.5149,R3
768,居民,0.00016600,56.5315,R3
769,所谓,0.00016600,56.5481,R3
770,拉,0.00016600,56.5647,R3
771,曾经,0.00016600,56.5813,R3
772,真是,0.00016600,56.5979,R3
773,结合,0.00016600,56.6145,R3
774,统一,0.00016600,56.6311,R3
775,而是,0.00016600,56.6477,R3
776,肯定,0.00016600,56.6643,R3
777,队,0.00016600,56.6809,R3
778,c,0.00016200,56.6971,R3
779,com,0.00016200,56.7133,R3
780,三个,0.00016200,56.7295,R3
781,且,0.00016200,56.7457,R3
782,人士,0.00016200,56.7619,R3
783,低,0.00016200,56.7781,R3
784,军队,0.00016200,56.7943,R3
785,大陆,0.00016200,56.8105,R3
786,官员,0.00016200,56.8267,R3
787,引起,0.00016200,56.8429,R3
788,拍,0.00016200,56.8591,R3
789,放,0.00016200,56.8753,R3
790,明显,0.00016200,56.8915,R3
791,现场,0.00016200,56.9077,R3
792,现象,0.00016200,56.9239,R3
793,目的,0.00016200,56.9401,R3
794,确实,0.00016200,56.9563,R3
795,稳定,0.00016200,56.9725,R3
796,系,0.00016200,56.9887,R3
797,重新,0.00016200,57.0049,R3
798,门,0.00016200,57.0211,R3
799,加强,0.00015800,57.0369,R3
800,完,0.00015800,57.0527,R3
801,式,0.00015800,57.0685,R3
802,强调,0.00015800,57.0843,R3
803,总是,0.00015800,57.1001,R3
804,教师,0.00015800,57.1159,R3
805,模式,0.00015800,57.1317,R3
806,死亡,0.00015800,57.1475,R3
807,穿,0.00015800,57.1633,R3
808,笑,0.00015800,57.1791,R3
809,职业,0.00015800,57.1949,R3
810,联合,0.00015800,57.2107,R3
811,西,0.00015800,57.2265,R3
812,西方,0.00015800,57.2423,R3
813,近,0.00015800,57.2581,R3
814,金,0.00015800,57.2739,R3
815,也许,0.00015500,57.2894,R3
816,军事,0.00015500,57.3049,R3
817,宣传,0.00015500,57.3204,R3
818,属,0.00015500,57.3359,R3
819,带来,0.00015500,57.3514,R3
820,平台,0.00015500,57.3669,R3
821,强,0.00015500,57.3824,R3
822,更加,0.00015500,57.3979,R3
823,每天,0.00015500,57.4134,R3
824,电子,0.00015500,57.4289,R3
825,节目,0.00015500,57.4444,R3
826,越,0.00015500,57.4599,R3
827,选,0.00015500,57.4754,R3
828,阅读,0.00015500,57.4909,R3
829,难,0.00015500,57.5064,R3
830,一年,0.00015100,57.5215,R3
831,一条,0.00015100,57.5366,R3
832,事实,0.00015100,57.5517,R3
833,任,0.00015100,57.5668,R3
834,公民,0.00015100,57.5819,R3
835,办,0.00015100,57.5970,R3
836,四,0.00015100,57.6121,R3
837,实行,0.00015100,57.6272,R3
838,小说,0.00015100,57.6423,R3
839,张,0.00015100,57.6574,R3
840,感到,0.00015100,57.6725,R3
841,愿意,0.00015100,57.6876,R3
842,抓,0.00015100,57.7027,R3
843,有没有,0.00015100,57.7178,R3
844,来源,0.00015100,57.7329,R3
845,现代,0.00015100,57.7480,R3
846,理解,0.00015100,57.7631,R3
847,知识,0.00015100,57.7782,R3
848,行业,0.00015100,57.7933,R3
849,谈,0.00015100,57.8084,R3
850,责任,0.00015100,57.8235,R3
851,转,0.00015100,57.8386,R3
852,长期,0.00015100,57.8537,R3
853,飞机,0.00015100,57.8688,R3
854,l,0.00014800,57.8836,R3
855,下来,0.00014800,57.8984,R3
856,东,0.00014800,57.9132,R3
857,仅,0.00014800,57.9280,R3
858,保持,0.00014800,57.9428,R3
859,内部,0.00014800,57.9576,R3
860,农民,0.00014800,57.9724,R3
861,减少,0.00014800,57.9872,R3
862,动,0.00014800,58.0020,R3
863,卖,0.00014800,58.0168,R3
864,失去,0.00014800,58.0316,R3
865,女孩,0.00014800,58.0464,R3
866,字,0.00014800,58.0612,R3
867,帮,0.00014800,58.0760,R3
868,形式,0.00014800,58.0908,R3
869,报道,0.00014800,58.1056,R3
870,攻击,0.00014800,58.1204,R3
871,最好,0.00014800,58.1352,R3
872,机场,0.00014800,58.1500,R3
873,欢迎,0.00014800,58.1648,R3
874,状态,0.00014800,58.1796,R3
875,狗,0.00014800,58.1944,R3
876,看见,0.00014800,58.2092,R3
877,真实,0.00014800,58.2240,R3
878,经历,0.00014800,58.2388,R3
879,至少,0.00014800,58.2536,R3
880,规模,0.00014800,58.2684,R3
881,进一步,0.00014800,58.2832,R3
882,错误,0.00014800,58.2980,R3
883,黑,0.00014800,58.3128,R3
884,交易,0.00014500,58.3273,R3
885,仍然,0.00014500,58.3418,R3
886,动物,0.00014500,58.3563,R3
887,反应,0.00014500,58.3708,R3
888,只能,0.00014500,58.3853,R3
889,届,0.00014500,58.3998,R3
890,思想,0.00014500,58.4143,R3
891,承认,0.00014500,58.4288,R3
892,担心,0.00014500,58.4433,R3
893,早,0.00014500,58.4578,R3
894,此外,0.00014500,58.4723,R3
895,清楚,0.00014500,58.4868,R3
896,相,0.00014500,58.5013,R3
897,积极,0.00014500,58.5158,R3
898,经常,0.00014500,58.5303,R3
899,经营,0.00014500,58.5448,R3
900,绝对,0.00014500,58.5593,R3
901,花,0.00014500,58.5738,R3
902,苏联,0.00014500,58.5883,R3
903,谢谢,0.00014500,58.6028,R3
904,身体,0.00014500,58.6173,R3
905,那样,0.00014500,58.6318,R3
906,部,0.00014500,58.6463,R3
907,采取,0.00014500,58.6608,R3
908,黄,0.00014500,58.6753,R3
909,一名,0.00014100,58.6894,R3
910,不想,0.00014100,58.7035,R3
911,主,0.00014100,58.7176,R3
912,体育,0.00014100,58.7317,R3
913,农村,0.00014100,58.7458,R3
914,分享,0.00014100,58.7599,R3
915,到底,0.00014100,58.7740,R3
916,同意,0.00014100,58.7881,R3
917,和平,0.00014100,58.8022,R3
918,好像,0.00014100,58.8163,R3
919,子,0.00014100,58.8304,R3
920,尤其,0.00014100,58.8445,R3
921,尽管,0.00014100,58.8586,R3
922,方案,0.00014100,58.8727,R3
923,段,0.00014100,58.8868,R3
924,每年,0.00014100,58.9009,R3
925,第一次,0.00014100,58.9150,R3
926,观点,0.00014100,58.9291,R3
927,青年,0.00014100,58.9432,R3
928,件,0.00013800,58.9570,R3
929,信,0.00013800,58.9708,R3
930,公布,0.00013800,58.9846,R3
931,关,0.00013800,58.9984,R3
932,创新,0.00013800,59.0122,R3
933,创造,0.00013800,59.0260,R3
934,协议,0.00013800,59.0398,R3
935,即使,0.00013800,59.0536,R3
936,在于,0.00013800,59.0674,R3
937,外国,0.00013800,59.0812,R3
938,她们,0.00013800,59.0950,R3
939,工具,0.00013800,59.1088,R3
940,总理,0.00013800,59.1226,R3
941,提,0.00013800,59.1364,R3
942,无论,0.00013800,59.1502,R3
943,晚上,0.00013800,59.1640,R3
944,正常,0.00013800,59.1778,R3
945,算,0.00013800,59.1916,R3
946,类似,0.00013800,59.2054,R3
947,设立,0.00013800,59.2192,R3
948,资金,0.00013800,59.2330,R3
949,限制,0.00013800,59.2468,R3
950,一场,0.00013500,59.2603,R3
951,不再,0.00013500,59.2738,R3
952,五,0.00013500,59.2873,R3
953,交通,0.00013500,59.3008,R3
954,令,0.00013500,59.3143,R3
955,利益,0.00013500,59.3278,R3
956,制作,0.00013500,59.3413,R3
957,加拿大,0.00013500,59.3548,R3
958,压力,0.00013500,59.3683,R3
959,宪法,0.00013500,59.3818,R3
960,方向,0.00013500,59.3953,R3
961,有点,0.00013500,59.4088,R3
962,电脑,0.00013500,59.4223,R3
963,破坏,0.00013500,59.4358,R3
964,突然,0.00013500,59.4493,R3
965,管,0.00013500,59.4628,R3
966,规律,0.00013500,59.4763,R3
967,说话,0.00013500,59.4898,R3
968,部长,0.00013500,59.5033,R3
969,金融,0.00013500,59.5168,R3
970,错,0.00013500,59.5303,R3
971,需,0.00013500,59.5438,R3
972,不了,0.00013200,59.5570,R3
973,不错,0.00013200,59.5702,R3
974,中共,0.00013200,59.5834,R3
975,主任,0.00013200,59.5966,R3
976,举办,0.00013200,59.6098,R3
977,交流,0.00013200,59.6230,R3
978,作者,0.00013200,59.6362,R3
979,刚,0.00013200,59.6494,R3
980,制造,0.00013200,59.6626,R3
981,医疗,0.00013200,59.6758,R3
982,原则,0.00013200,59.6890,R3
983,同志,0.00013200,59.7022,R3
984,团体,0.00013200,59.7154,R3
985,委员,0.00013200,59.7286,R3
986,宗教,0.00013200,59.7418,R3
987,意识,0.00013200,59.7550,R3
988,正确,0.00013200,59.7682,R3
989,版本,0.00013200,59.7814,R3
990,看来,0.00013200,59.7946,R3
991,训练,0.00013200,59.8078,R3
992,远,0.00013200,59.8210,R3
993,逐渐,0.00013200,59.8342,R3
994,销售,0.00013200,59.8474,R3
995,附近,0.00013200,59.8606,R3
996,不少,0.00012900,59.8735,R3
997,人数,0.00012900,59.8864,R3
998,儿童,0.00012900,59.8993,R3
999,允许,0.00012900,59.9122,R3
1000,出版,0.00012900,59.9251,R3
1001,嘛,0.00012900,59.9380,R3
1002,回到,0.00012900,59.9509,R3
1003,国务院,0.00012900,59.9638,R3
1004,失败,0.00012900,59.9767,R3
1005,快乐,0.00012900,59.9896,R3
1006,战略,0.00012900,60.0025,R3
1007,推动,0.00012900,60.0154,R3
1008,教授,0.00012900,60.0283,R3
1009,有效,0.00012900,60.0412,R3
1010,王,0.00012900,60.0541,R3
1011,程度,0.00012900,60.0670,R3
1012,编辑,0.00012900,60.0799,R3
1013,联盟,0.00012900,60.0928,R3
1014,质量,0.00012900,60.1057,R3
1015,资本,0.00012900,60.1186,R3
1016,还要,0.00012900,60.1315,R3
1017,重,0.00012900,60.1444,R3
1018,阶段,0.00012900,60.1573,R3
1019,面,0.00012900,60.1702,R3
1020,业务,0.00012600,60.1828,R3
1021,今日,0.00012600,60.1954,R3
1022,体系,0.00012600,60.2080,R3
1023,倒,0.00012600,60.2206,R3
1024,全面,0.00012600,60.2332,R3
1025,协会,0.00012600,60.2458,R3
1026,双方,0.00012600,60.2584,R3
1027,困难,0.00012600,60.2710,R3
1028,城,0.00012600,60.2836,R3
1029,广告,0.00012600,60.2962,R3
1030,态度,0.00012600,60.3088,R3
1031,政权,0.00012600,60.3214,R3
1032,数,0.00012600,60.3340,R3
1033,数字,0.00012600,60.3466,R3
1034,检查,0.00012600,60.3592,R3
1035,武器,0.00012600,60.3718,R3
1036,水平,0.00012600,60.3844,R3
1037,状况,0.00012600,60.3970,R3
1038,申请,0.00012600,60.4096,R3
1039,神,0.00012600,60.4222,R3
1040,第二,0.00012600,60.4348,R3
1041,设,0.00012600,60.4474,R3
1042,调整,0.00012600,60.4600,R3
1043,购买,0.00012600,60.4726,R3
1044,身上,0.00012600,60.4852,R3
1045,需求,0.00012600,60.4978,R3
1046,首先,0.00012600,60.5104,R3
1047,n,0.00012300,60.5227,R3
1048,几,0.00012300,60.5350,R3
1049,危险,0.00012300,60.5473,R3
1050,员,0.00012300,60.5596,R3
1051,商业,0.00012300,60.5719,R3
1052,团,0.00012300,60.5842,R3
1053,大会,0.00012300,60.5965,R3
1054,妇女,0.00012300,60.6088,R3
1055,左右,0.00012300,60.6211,R3
1056,广场,0.00012300,60.6334,R3
1057,拒绝,0.00012300,60.6457,R3
1058,既,0.00012300,60.6580,R3
1059,权,0.00012300,60.6703,R3
1060,求,0.00012300,60.6826,R3
1061,治疗,0.00012300,60.6949,R3
1062,现实,0.00012300,60.7072,R3
1063,监督,0.00012300,60.7195,R3
1064,网址,0.00012300,60.7318,R3
1065,规划,0.00012300,60.7441,R3
1066,速度,0.00012300,60.7564,R3
1067,针对,0.00012300,60.7687,R3
1068,面对,0.00012300,60.7810,R3
1069,主题,0.00012000,60.7930,R3
1070,事业,0.00012000,60.8050,R3
1071,作家,0.00012000,60.8170,R3
1072,入,0.00012000,60.8290,R3
1073,再次,0.00012000,60.8410,R3
1074,创作,0.00012000,60.8530,R3
1075,及其,0.00012000,60.8650,R3
1076,发行,0.00012000,60.8770,R3
1077,召开,0.00012000,60.8890,R3
1078,国外,0.00012000,60.9010,R3
1079,多年,0.00012000,60.9130,R3
1080,平均,0.00012000,60.9250,R3
1081,广州,0.00012000,60.9370,R3
1082,数量,0.00012000,60.9490,R3
1083,文件,0.00012000,60.9610,R3
1084,明天,0.00012000,60.9730,R3
1085,群,0.00012000,60.9850,R3
1086,评论,0.00012000,60.9970,R3
1087,软件,0.00012000,61.0090,R3
1088,通常,0.00012000,61.0210,R3
1089,逼,0.00012000,61.0330,R3
1090,部队,0.00012000,61.0450,R3
1091,铁路,0.00012000,61.0570,R3
1092,镇,0.00012000,61.0690,R3
1093,难道,0.00012000,61.0810,R3
1094,不用,0.00011700,61.0927,R3
1095,不管,0.00011700,61.1044,R3
1096,乡,0.00011700,61.1161,R3
1097,似乎,0.00011700,61.1278,R3
1098,兄弟,0.00011700,61.1395,R3
1099,公里,0.00011700,61.1512,R3
1100,具体,0.00011700,61.1629,R3
1101,办公室,0.00011700,61.1746,R3
1102,呀,0.00011700,61.1863,R3
1103,头,0.00011700,61.1980,R3
1104,妻子,0.00011700,61.2097,R3
1105,实在,0.00011700,61.2214,R3
1106,年轻,0.00011700,61.2331,R3
1107,开展,0.00011700,61.2448,R3
1108,律师,0.00011700,61.2565,R3
1109,战斗,0.00011700,61.2682,R3
1110,放弃,0.00011700,61.2799,R3
1111,教,0.00011700,61.2916,R3
1112,父母,0.00011700,61.3033,R3
1113,现,0.00011700,61.3150,R3
1114,称为,0.00011700,61.3267,R3
1115,组,0.00011700,61.3384,R3
1116,英语,0.00011700,61.3501,R3
1117,获,0.00011700,61.3618,R3
1118,角色,0.00011700,61.3735,R3
1119,记得,0.00011700,61.3852,R3
1120,越来越,0.00011700,61.3969,R3
1121,过来,0.00011700,61.4086,R3
1122,重大,0.00011700,61.4203,R3
1123,o,0.00011500,61.4318,R3
1124,于是,0.00011500,61.4433,R3
1125,人权,0.00011500,61.4548,R3
1126,促进,0.00011500,61.4663,R3
1127,关心,0.00011500,61.4778,R3
1128,其它,0.00011500,61.4893,R3
1129,前往,0.00011500,61.5008,R3
1130,医生,0.00011500,61.5123,R3
1131,南,0.00011500,61.5238,R3
1132,各国,0.00011500,61.5353,R3
1133,各地,0.00011500,61.5468,R3
1134,回家,0.00011500,61.5583,R3
1135,奖,0.00011500,61.5698,R3
1136,广泛,0.00011500,61.5813,R3
1137,德,0.00011500,61.5928,R3
1138,感谢,0.00011500,61.6043,R3
1139,直到,0.00011500,61.6158,R3
1140,相同,0.00011500,61.6273,R3
1141,维护,0.00011500,61.6388,R3
1142,论坛,0.00011500,61.6503,R3
1143,道路,0.00011500,61.6618,R3
1144,停止,0.00011200,61.6730,R3
1145,先进,0.00011200,61.6842,R3
1146,公共,0.00011200,61.6954,R3
1147,共产党,0.00011200,61.7066,R3
1148,危机,0.00011200,61.7178,R3
1149,去年,0.00011200,61.7290,R3
1150,取消,0.00011200,61.7402,R3
1151,地位,0.00011200,61.7514,R3
1152,基地,0.00011200,61.7626,R3
1153,多数,0.00011200,61.7738,R3
1154,定,0.00011200,61.7850,R3
1155,寻找,0.00011200,61.7962,R3
1156,工人,0.00011200,61.8074,R3
1157,广东,0.00011200,61.8186,R3
1158,影片,0.00011200,61.8298,R3
1159,懂,0.00011200,61.8410,R3
1160,成绩,0.00011200,61.8522,R3
1161,批评,0.00011200,61.8634,R3
1162,担任,0.00011200,61.8746,R3
1163,按照,0.00011200,61.8858,R3
1164,改善,0.00011200,61.8970,R3
1165,效果,0.00011200,61.9082,R3
1166,文学,0.00011200,61.9194,R3
1167,更新,0.00011200,61.9306,R3
1168,有限公司,0.00011200,61.9418,R3
1169,机,0.00011200,61.9530,R3
1170,毕业,0.00011200,61.9642,R3
1171,统计,0.00011200,61.9754,R3
1172,脸,0.00011200,61.9866,R3
1173,读,0.00011200,61.9978,R3
1174,集,0.00011200,62.0090,R3
1175,风险,0.00011200,62.0202,R3
1176,下载,0.00011000,62.0312,R3
1177,丰富,0.00011000,62.0422,R3
1178,为何,0.00011000,62.0532,R3
1179,位置,0.00011000,62.0642,R3
1180,值得,0.00011000,62.0752,R3
1181,假,0.00011000,62.0862,R3
1182,变得,0.00011000,62.0972,R3
1183,回答,0.00011000,62.1082,R3
1184,威胁,0.00011000,62.1192,R3
1185,州,0.00011000,62.1302,R3
1186,常,0.00011000,62.1412,R3
1187,必要,0.00011000,62.1522,R3
1188,恢复,0.00011000,62.1632,R3
1189,或许,0.00011000,62.1742,R3
1190,推出,0.00011000,62.1852,R3
1191,朝鲜,0.00011000,62.1962,R3
1192,电,0.00011000,62.2072,R3
1193,统治,0.00011000,62.2182,R3
1194,胜利,0.00011000,62.2292,R3
1195,设置,0.00011000,62.2402,R3
1196,随着,0.00011000,62.2512,R3
1197,p,0.00010700,62.2619,R3
1198,to,0.00010700,62.2726,R3
1199,一家,0.00010700,62.2833,R3
1200,一部分,0.00010700,62.2940,R3
1201,主张,0.00010700,62.3047,R3
1202,伟大,0.00010700,62.3154,R3
1203,团队,0.00010700,62.3261,R3
1204,安排,0.00010700,62.3368,R3
1205,怎么办,0.00010700,62.3475,R3
1206,我要,0.00010700,62.3582,R3
1207,换,0.00010700,62.3689,R3
1208,收入,0.00010700,62.3796,R3
1209,改,0.00010700,62.3903,R3
1210,是因为,0.00010700,62.4010,R3
1211,普通,0.00010700,62.4117,R3
1212,有时,0.00010700,62.4224,R3
1213,本来,0.00010700,62.4331,R3
1214,本身,0.00010700,62.4438,R3
1215,毛泽东,0.00010700,62.4545,R3
1216,活,0.00010700,62.4652,R3
1217,特,0.00010700,62.4759,R3
1218,规则,0.00010700,62.4866,R3
1219,贸易,0.00010700,62.4973,R3
1220,这位,0.00010700,62.5080,R3
1221,面临,0.00010700,62.5187,R3
1222,项,0.00010700,62.5294,R3
1223,d,0.00010500,62.5399,R3
1224,一张,0.00010500,62.5504,R3
1225,依据,0.00010500,62.5609,R3
1226,关键,0.00010500,62.5714,R3
1227,劳动,0.00010500,62.5819,R3
1228,发出,0.00010500,62.5924,R3
1229,合法,0.00010500,62.6029,R3
1230,听到,0.00010500,62.6134,R3
1231,妈,0.00010500,62.6239,R3
1232,往,0.00010500,62.6344,R3
1233,成长,0.00010500,62.6449,R3
1234,扩大,0.00010500,62.6554,R3
1235,推荐,0.00010500,62.6659,R3
1236,样子,0.00010500,62.6764,R3
1237,漂亮,0.00010500,62.6869,R3
1238,相对,0.00010500,62.6974,R3
1239,离,0.00010500,62.7079,R4
1240,秘密,0.00010500,62.7184,R4
1241,程序,0.00010500,62.7289,R4
1242,运用,0.00010500,62.7394,R4
1243,适合,0.00010500,62.7499,R4
1244,避免,0.00010500,62.7604,R4
1245,链接,0.00010500,62.7709,R4
1246,下午,0.00010200,62.7811,R4
1247,下去,0.00010200,62.7913,R4
1248,不可,0.00010200,62.8015,R4
1249,不够,0.00010200,62.8117,R4
1250,习惯,0.00010200,62.8219,R4
1251,书记,0.00010200,62.8321,R4
1252,亚,0.00010200,62.8423,R4
1253,传,0.00010200,62.8525,R4
1254,公众,0.00010200,62.8627,R4
1255,公园,0.00010200,62.8729,R4
1256,分布,0.00010200,62.8831,R4
1257,地球,0.00010200,62.8933,R4
1258,坐,0.00010200,62.9035,R4
1259,大型,0.00010200,62.9137,R4
1260,巨大,0.00010200,62.9239,R4
1261,干部,0.00010200,62.9341,R4
1262,快速,0.00010200,62.9443,R4
1263,敌人,0.00010200,62.9545,R4
1264,旧,0.00010200,62.9647,R4
1265,梦,0.00010200,62.9749,R4
1266,民众,0.00010200,62.9851,R4
1267,特色,0.00010200,62.9953,R4
1268,男子,0.00010200,63.0055,R4
1269,背景,0.00010200,63.0157,R4
1270,著名,0.00010200,63.0259,R4
1271,见到,0.00010200,63.0361,R4
1272,认真,0.00010200,63.0463,R4
1273,身份,0.00010200,63.0565,R4
1274,通知,0.00010200,63.0667,R4
1275,h,0.00010000,63.0767,R4
1276,专门,0.00010000,63.0867,R4
1277,中学,0.00010000,63.0967,R4
1278,云,0.00010000,63.1067,R4
1279,互联网,0.00010000,63.1167,R4
1280,体,0.00010000,63.1267,R4
1281,体现,0.00010000,63.1367,R4
1282,兴趣,0.00010000,63.1467,R4
1283,几天,0.00010000,63.1567,R4
1284,卡,0.00010000,63.1667,R4
1285,喝,0.00010000,63.1767,R4
1286,复杂,0.00010000,63.1867,R4
1287,女子,0.00010000,63.1967,R4
1288,对方,0.00010000,63.2067,R4
1289,少数,0.00010000,63.2167,R4
1290,打开,0.00010000,63.2267,R4
1291,指导,0.00010000,63.2367,R4
1292,明确,0.00010000,63.2467,R4
1293,来到,0.00010000,63.2567,R4
1294,比如,0.00010000,63.2667,R4
1295,法院,0.00010000,63.2767,R4
1296,犯罪,0.00010000,63.2867,R4
1297,理由,0.00010000,63.2967,R4
1298,结婚,0.00010000,63.3067,R4
1299,缺乏,0.00010000,63.3167,R4
1300,联合国,0.00010000,63.3267,R4
1301,苹果,0.00010000,63.3367,R4
1302,著,0.00010000,63.3467,R4
1303,表演,0.00010000,63.3567,R4
1304,计算,0.00010000,63.3667,R4
1305,货币,0.00010000,63.3767,R4
1306,赢,0.00010000,63.3867,R4
1307,邀请,0.00010000,63.3967,R4
1308,随,0.00010000,63.4067,R4
1309,高兴,0.00010000,63.4167,R4
1310,for,0.00009770,63.4265,R4
1311,不得,0.00009770,63.4362,R4
1312,争取,0.00009770,63.4460,R4
1313,传播,0.00009770,63.4558,R4
1314,体制,0.00009770,63.4656,R4
1315,值,0.00009770,63.4753,R4
1316,单,0.00009770,63.4851,R4
1317,南京,0.00009770,63.4949,R4
1318,否则,0.00009770,63.5046,R4
1319,周,0.00009770,63.5144,R4
1320,基金,0.00009770,63.5242,R4
1321,学者,0.00009770,63.5339,R4
1322,山,0.00009770,63.5437,R4
1323,度,0.00009770,63.5535,R4
1324,很大,0.00009770,63.5633,R4
1325,很快,0.00009770,63.5730,R4
1326,我会,0.00009770,63.5828,R4
1327,文,0.00009770,63.5926,R4
1328,斯,0.00009770,63.6023,R4
1329,杂志,0.00009770,63.6121,R4
1330,材料,0.00009770,63.6219,R4
1331,核心,0.00009770,63.6316,R4
1332,满足,0.00009770,63.6414,R4
1333,热,0.00009770,63.6512,R4
1334,特殊,0.00009770,63.6610,R4
1335,电视台,0.00009770,63.6707,R4
1336,移民,0.00009770,63.6805,R4
1337,类型,0.00009770,63.6903,R4
1338,语,0.00009770,63.7000,R4
1339,进步,0.00009770,63.7098,R4
1340,连续,0.00009770,63.7196,R4
1341,遭,0.00009770,63.7293,R4
1342,鼓励,0.00009770,63.7391,R4
1343,e,0.00009550,63.7487,R4
1344,x,0.00009550,63.7582,R4
1345,中华,0.00009550,63.7678,R4
1346,久,0.00009550,63.7773,R4
1347,人生,0.00009550,63.7869,R4
1348,今,0.00009550,63.7964,R4
1349,从事,0.00009550,63.8060,R4
1350,优秀,0.00009550,63.8155,R4
1351,刚刚,0.00009550,63.8251,R4
1352,制定,0.00009550,63.8346,R4
1353,北,0.00009550,63.8442,R4
1354,双,0.00009550,63.8537,R4
1355,史,0.00009550,63.8633,R4
1356,员工,0.00009550,63.8728,R4
1357,因素,0.00009550,63.8824,R4
1358,家里,0.00009550,63.8919,R4
1359,强烈,0.00009550,63.9015,R4
1360,手段,0.00009550,63.9110,R4
1361,挑战,0.00009550,63.9206,R4
1362,推进,0.00009550,63.9301,R4
1363,措施,0.00009550,63.9397,R4
1364,整体,0.00009550,63.9492,R4
1365,文明,0.00009550,63.9588,R4
1366,明,0.00009550,63.9683,R4
1367,显然,0.00009550,63.9779,R4
1368,某,0.00009550,63.9874,R4
1369,概念,0.00009550,63.9970,R4
1370,特点,0.00009550,64.0065,R4
1371,皆,0.00009550,64.0161,R4
1372,看着,0.00009550,64.0256,R4
1373,科,0.00009550,64.0352,R4
1374,等等,0.00009550,64.0447,R4
1375,纽约,0.00009550,64.0543,R4
1376,美丽,0.00009550,64.0638,R4
1377,老婆,0.00009550,64.0734,R4
1378,老板,0.00009550,64.0829,R4
1379,英文,0.00009550,64.0925,R4
1380,警方,0.00009550,64.1020,R4
1381,访问,0.00009550,64.1116,R4
1382,评价,0.00009550,64.1211,R4
1383,贡献,0.00009550,64.1307,R4
1384,财产,0.00009550,64.1402,R4
1385,距离,0.00009550,64.1498,R4
1386,那种,0.00009550,64.1593,R4
1387,重视,0.00009550,64.1689,R4
1388,页,0.00009550,64.1784,R4
1389,食品,0.00009550,64.1880,R4
1390,不好,0.00009330,64.1973,R4
1391,优势,0.00009330,64.2066,R4
1392,伤害,0.00009330,64.2160,R4
1393,保障,0.00009330,64.2253,R4
1394,光,0.00009330,64.2346,R4
1395,六,0.00009330,64.2439,R4
1396,兼,0.00009330,64.2533,R4
1397,出口,0.00009330,64.2626,R4
1398,加上,0.00009330,64.2719,R4
1399,半,0.00009330,64.2813,R4
1400,博士,0.00009330,64.2906,R4
1401,害怕,0.00009330,64.2999,R4
1402,对象,0.00009330,64.3093,R4
1403,尽,0.00009330,64.3186,R4
1404,师,0.00009330,64.3279,R4
1405,感受,0.00009330,64.3372,R4
1406,投入,0.00009330,64.3466,R4
1407,最佳,0.00009330,64.3559,R4
1408,村,0.00009330,64.3652,R4
1409,案,0.00009330,64.3746,R4
1410,法规,0.00009330,64.3839,R4
1411,漫画,0.00009330,64.3932,R4
1412,物质,0.00009330,64.4026,R4
1413,生物,0.00009330,64.4119,R4
1414,移动,0.00009330,64.4212,R4
1415,翻译,0.00009330,64.4305,R4
1416,英雄,0.00009330,64.4399,R4
1417,表达,0.00009330,64.4492,R4
1418,设施,0.00009330,64.4585,R4
1419,队伍,0.00009330,64.4679,R4
1420,除,0.00009330,64.4772,R4
1421,on,0.00009120,64.4863,R4
1422,中文,0.00009120,64.4954,R4
1423,人人,0.00009120,64.5046,R4
1424,包,0.00009120,64.5137,R4
1425,化,0.00009120,64.5228,R4
1426,官,0.00009120,64.5319,R4
1427,尔,0.00009120,64.5410,R4
1428,开心,0.00009120,64.5502,R4
1429,救,0.00009120,64.5593,R4
1430,更好,0.00009120,64.5684,R4
1431,最新,0.00009120,64.5775,R4
1432,李,0.00009120,64.5866,R4
1433,案件,0.00009120,64.5958,R4
1434,男性,0.00009120,64.6049,R4
1435,睡,0.00009120,64.6140,R4
1436,福利,0.00009120,64.6231,R4
1437,自动,0.00009120,64.6322,R4
1438,街,0.00009120,64.6414,R4
1439,证据,0.00009120,64.6505,R4
1440,路线,0.00009120,64.6596,R4
1441,身边,0.00009120,64.6687,R4
1442,迅速,0.00009120,64.6778,R4
1443,遇到,0.00009120,64.6870,R4
1444,高级,0.00009120,64.6961,R4
1445,一件,0.00008910,64.7050,R4
1446,一段,0.00008910,64.7139,R4
1447,万元,0.00008910,64.7228,R4
1448,主义,0.00008910,64.7317,R4
1449,享受,0.00008910,64.7406,R4
1450,人才,0.00008910,64.7495,R4
1451,亿元,0.00008910,64.7584,R4
1452,从而,0.00008910,64.7674,R4
1453,估计,0.00008910,64.7763,R4
1454,克,0.00008910,64.7852,R4
1455,冲突,0.00008910,64.7941,R4
1456,初,0.00008910,64.8030,R4
1457,卷,0.00008910,64.8119,R4
1458,发挥,0.00008910,64.8208,R4
1459,受伤,0.00008910,64.8297,R4
1460,命令,0.00008910,64.8386,R4
1461,哪个,0.00008910,64.8475,R4
1462,商品,0.00008910,64.8564,R4
1463,国民,0.00008910,64.8654,R4
1464,国民党,0.00008910,64.8743,R4
1465,块,0.00008910,64.8832,R4
1466,境内,0.00008910,64.8921,R4
1467,大部分,0.00008910,64.9010,R4
1468,学会,0.00008910,64.9099,R4
1469,当年,0.00008910,64.9188,R4
1470,怕,0.00008910,64.9277,R4
1471,文字,0.00008910,64.9366,R4
1472,格,0.00008910,64.9455,R4
1473,海外,0.00008910,64.9545,R4
1474,消费,0.00008910,64.9634,R4
1475,眼睛,0.00008910,64.9723,R4
1476,红,0.00008910,64.9812,R4
1477,网友,0.00008910,64.9901,R4
1478,至今,0.00008910,64.9990,R4
1479,西班牙,0.00008910,65.0079,R4
1480,言,0.00008910,65.0168,R4
1481,词,0.00008910,65.0257,R4
1482,课程,0.00008910,65.0346,R4
1483,资格,0.00008910,65.0436,R4
1484,超级,0.00008910,65.0525,R4
1485,阿,0.00008910,65.0614,R4
1486,难以,0.00008910,65.0703,R4
1487,首次,0.00008910,65.0792,R4
1488,驻,0.00008910,65.0881,R4
1489,之中,0.00008710,65.0968,R4
1490,产,0.00008710,65.1055,R4
1491,修改,0.00008710,65.1142,R4
1492,培训,0.00008710,65.1229,R4
1493,如今,0.00008710,65.1317,R4
1494,山东,0.00008710,65.1404,R4
1495,差,0.00008710,65.1491,R4
1496,帝国,0.00008710,65.1578,R4
1497,打击,0.00008710,65.1665,R4
1498,推广,0.00008710,65.1752,R4
1499,提升,0.00008710,65.1839,R4
1500,新加坡,0.00008710,65.1926,R4
1501,机制,0.00008710,65.2013,R4
1502,机器,0.00008710,65.2100,R4
1503,爆发,0.00008710,65.2188,R4
1504,留下,0.00008710,65.2275,R4
1505,社会主义,0.00008710,65.2362,R4
1506,竞争,0.00008710,65.2449,R4
1507,第一个,0.00008710,65.2536,R4
1508,紧张,0.00008710,65.2623,R4
1509,纪念,0.00008710,65.2710,R4
1510,自身,0.00008710,65.2797,R4
1511,论,0.00008710,65.2884,R4
1512,超,0.00008710,65.2971,R4
1513,运行,0.00008710,65.3059,R4
1514,陈,0.00008710,65.3146,R4
1515,集中,0.00008710,65.3233,R4
1516,面前,0.00008710,65.3320,R4
1517,风,0.00008710,65.3407,R4
1518,食物,0.00008710,65.3494,R4
1519,不知,0.00008510,65.3579,R4
1520,不足,0.00008510,65.3664,R4
1521,东京,0.00008510,65.3749,R4
1522,东北,0.00008510,65.3834,R4
1523,事务,0.00008510,65.3920,R4
1524,份,0.00008510,65.4005,R4
1525,充满,0.00008510,65.4090,R4
1526,出去,0.00008510,65.4175,R4
1527,区别,0.00008510,65.4260,R4
1528,反映,0.00008510,65.4345,R4
1529,名称,0.00008510,65.4430,R4
1530,吸引,0.00008510,65.4515,R4
1531,哥哥,0.00008510,65.4600,R4
1532,坏,0.00008510,65.4685,R4
1533,处于,0.00008510,65.4771,R4
1534,娱乐,0.00008510,65.4856,R4
1535,实验,0.00008510,65.4941,R4
1536,家人,0.00008510,65.5026,R4
1537,展开,0.00008510,65.5111,R4
1538,形象,0.00008510,65.5196,R4
1539,战,0.00008510,65.5281,R4
1540,打算,0.00008510,65.5366,R4
1541,掉,0.00008510,65.5451,R4
1542,接,0.00008510,65.5536,R4
1543,支付,0.00008510,65.5622,R4
1544,收到,0.00008510,65.5707,R4
1545,教学,0.00008510,65.5792,R4
1546,斗争,0.00008510,65.5877,R4
1547,昨天,0.00008510,65.5962,R4
1548,机械,0.00008510,65.6047,R4
1549,极,0.00008510,65.6132,R4
1550,查,0.00008510,65.6217,R4
1551,澳门,0.00008510,65.6302,R4
1552,用于,0.00008510,65.6387,R4
1553,画,0.00008510,65.6473,R4
1554,符合,0.00008510,65.6558,R4
1555,粮食,0.00008510,65.6643,R4
1556,给予,0.00008510,65.6728,R4
1557,维持,0.00008510,65.6813,R4
1558,节,0.00008510,65.6898,R4
1559,观众,0.00008510,65.6983,R4
1560,贴,0.00008510,65.7068,R4
1561,这件,0.00008510,65.7153,R4
1562,非洲,0.00008510,65.7238,R4
1563,r,0.00008320,65.7322,R4
1564,上面,0.00008320,65.7405,R4
1565,两年,0.00008320,65.7488,R4
1566,发动,0.00008320,65.7571,R4
1567,口,0.00008320,65.7654,R4
1568,合,0.00008320,65.7738,R4
1569,同学,0.00008320,65.7821,R4
1570,团结,0.00008320,65.7904,R4
1571,天津,0.00008320,65.7987,R4
1572,好好,0.00008320,65.8070,R4
1573,安,0.00008320,65.8154,R4
1574,实际上,0.00008320,65.8237,R4
1575,客户,0.00008320,65.8320,R4
1576,小学,0.00008320,65.8403,R4
1577,强大,0.00008320,65.8486,R4
1578,彻底,0.00008320,65.8570,R4
1579,待,0.00008320,65.8653,R4
1580,想到,0.00008320,65.8736,R4
1581,批准,0.00008320,65.8819,R4
1582,早上,0.00008320,65.8902,R4
1583,枪,0.00008320,65.8986,R4
1584,武汉,0.00008320,65.9069,R4
1585,比例,0.00008320,65.9152,R4
1586,生态,0.00008320,65.9235,R4
1587,观察,0.00008320,65.9318,R4
1588,规范,0.00008320,65.9402,R4
1589,运输,0.00008320,65.9485,R4
1590,量,0.00008320,65.9568,R4
1591,降低,0.00008320,65.9651,R4
1592,非法,0.00008320,65.9734,R4
1593,风格,0.00008320,65.9818,R4
1594,中华人民共和国,0.00008130,65.9899,R4
1595,使得,0.00008130,65.9980,R4
1596,出发,0.00008130,66.0062,R4
1597,取,0.00008130,66.0143,R4
1598,各个,0.00008130,66.0224,R4
1599,各位,0.00008130,66.0305,R4
1600,听说,0.00008130,66.0387,R4
1601,培养,0.00008130,66.0468,R4
1602,天下,0.00008130,66.0549,R4
1603,完美,0.00008130,66.0631,R4
1604,并非,0.00008130,66.0712,R4
1605,心里,0.00008130,66.0793,R4
1606,怀疑,0.00008130,66.0875,R4
1607,性质,0.00008130,66.0956,R4
1608,想法,0.00008130,66.1037,R4
1609,成本,0.00008130,66.1118,R4
1610,描述,0.00008130,66.1200,R4
1611,操,0.00008130,66.1281,R4
1612,操作,0.00008130,66.1362,R4
1613,方,0.00008130,66.1444,R4
1614,正是,0.00008130,66.1525,R4
1615,注册,0.00008130,66.1606,R4
1616,测试,0.00008130,66.1688,R4
1617,私人,0.00008130,66.1769,R4
1618,网上,0.00008130,66.1850,R4
1619,考试,0.00008130,66.1931,R4
1620,而已,0.00008130,66.2013,R4
1621,议员,0.00008130,66.2094,R4
1622,资产,0.00008130,66.2175,R4
1623,一旦,0.00007940,66.2255,R4
1624,一项,0.00007940,66.2334,R4
1625,从来,0.00007940,66.2414,R4
1626,升级,0.00007940,66.2493,R4
1627,大约,0.00007940,66.2572,R4
1628,完整,0.00007940,66.2652,R4
1629,审查,0.00007940,66.2731,R4
1630,就业,0.00007940,66.2811,R4
1631,情绪,0.00007940,66.2890,R4
1632,投,0.00007940,66.2969,R4
1633,挂,0.00007940,66.3049,R4
1634,消失,0.00007940,66.3128,R4
1635,深圳,0.00007940,66.3208,R4
1636,游行,0.00007940,66.3287,R4
1637,白,0.00007940,66.3366,R4
1638,直播,0.00007940,66.3446,R4
1639,确保,0.00007940,66.3525,R4
1640,禁止,0.00007940,66.3605,R4
1641,良好,0.00007940,66.3684,R4
1642,衣服,0.00007940,66.3763,R4
1643,表,0.00007940,66.3843,R4
1644,领,0.00007940,66.3922,R4
1645,领导人,0.00007940,66.4002,R4
1646,骗,0.00007940,66.4081,R4
1647,一步,0.00007760,66.4159,R4
1648,下面,0.00007760,66.4236,R4
1649,东方,0.00007760,66.4314,R4
1650,众多,0.00007760,66.4391,R4
1651,依然,0.00007760,66.4469,R4
1652,倍,0.00007760,66.4547,R4
1653,公平,0.00007760,66.4624,R4
1654,包含,0.00007760,66.4702,R4
1655,卫生,0.00007760,66.4779,R4
1656,国王,0.00007760,66.4857,R4
1657,复,0.00007760,66.4935,R4
1658,多么,0.00007760,66.5012,R4
1659,太阳,0.00007760,66.5090,R4
1660,实践,0.00007760,66.5167,R4
1661,少女,0.00007760,66.5245,R4
1662,工厂,0.00007760,66.5323,R4
1663,建,0.00007760,66.5400,R4
1664,心理,0.00007760,66.5478,R4
1665,忘记,0.00007760,66.5555,R4
1666,或是,0.00007760,66.5633,R4
1667,投票,0.00007760,66.5711,R4
1668,接触,0.00007760,66.5788,R4
1669,放在,0.00007760,66.5866,R4
1670,日子,0.00007760,66.5943,R4
1671,构成,0.00007760,66.6021,R4
1672,某些,0.00007760,66.6099,R4
1673,毛,0.00007760,66.6176,R4
1674,民间,0.00007760,66.6254,R4
1675,注,0.00007760,66.6331,R4
1676,清,0.00007760,66.6409,R4
1677,爱情,0.00007760,66.6487,R4
1678,特征,0.00007760,66.6564,R4
1679,石油,0.00007760,66.6642,R4
1680,立即,0.00007760,66.6719,R4
1681,立法,0.00007760,66.6797,R4
1682,自我,0.00007760,66.6875,R4
1683,装,0.00007760,66.6952,R4
1684,道德,0.00007760,66.7030,R4
1685,高度,0.00007760,66.7107,R4
1686,v,0.00007590,66.7183,R4
1687,一边,0.00007590,66.7259,R4
1688,三年,0.00007590,66.7335,R4
1689,不敢,0.00007590,66.7411,R4
1690,严格,0.00007590,66.7487,R4
1691,几年,0.00007590,66.7563,R4
1692,力,0.00007590,66.7639,R4
1693,厂,0.00007590,66.7715,R4
1694,大概,0.00007590,66.7790,R4
1695,审判,0.00007590,66.7866,R4
1696,尊重,0.00007590,66.7942,R4
1697,小姐,0.00007590,66.8018,R4
1698,少年,0.00007590,66.8094,R4
1699,层,0.00007590,66.8170,R4
1700,巴黎,0.00007590,66.8246,R4
1701,平等,0.00007590,66.8322,R4
1702,引发,0.00007590,66.8398,R4
1703,当局,0.00007590,66.8474,R4
1704,收,0.00007590,66.8549,R4
1705,普遍,0.00007590,66.8625,R4
1706,毕竟,0.00007590,66.8701,R4
1707,爸爸,0.00007590,66.8777,R4
1708,用来,0.00007590,66.8853,R4
1709,监狱,0.00007590,66.8929,R4
1710,联邦,0.00007590,66.9005,R4
1711,说法,0.00007590,66.9081,R4
1712,读者,0.00007590,66.9157,R4
1713,费用,0.00007590,66.9233,R4
1714,违法,0.00007590,66.9308,R4
1715,酒店,0.00007590,66.9384,R4
1716,代理,0.00007410,66.9458,R4
1717,全世界,0.00007410,66.9533,R4
1718,共有,0.00007410,66.9607,R4
1719,关闭,0.00007410,66.9681,R4
1720,冠军,0.00007410,66.9755,R4
1721,出席,0.00007410,66.9829,R4
1722,判断,0.00007410,66.9903,R4
1723,势力,0.00007410,66.9977,R4
1724,后面,0.00007410,67.0051,R4
1725,品牌,0.00007410,67.0125,R4
1726,导演,0.00007410,67.0199,R4
1727,小组,0.00007410,67.0274,R4
1728,就要,0.00007410,67.0348,R4
1729,年度,0.00007410,67.0422,R4
1730,广播,0.00007410,67.0496,R4
1731,忙,0.00007410,67.0570,R4
1732,拍摄,0.00007410,67.0644,R4
1733,推,0.00007410,67.0718,R4
1734,故,0.00007410,67.0792,R4
1735,有个,0.00007410,67.0866,R4
1736,正义,0.00007410,67.0940,R4
1737,深,0.00007410,67.1015,R4
1738,片,0.00007410,67.1089,R4
1739,疯狂,0.00007410,67.1163,R4
1740,病,0.00007410,67.1237,R4
1741,趋势,0.00007410,67.1311,R4
1742,足够,0.00007410,67.1385,R4
1743,转移,0.00007410,67.1459,R4
1744,追,0.00007410,67.1533,R4
1745,预算,0.00007410,67.1607,R4
1746,飞,0.00007410,67.1681,R4
1747,w,0.00007240,67.1754,R4
1748,一份,0.00007240,67.1826,R4
1749,一句,0.00007240,67.1899,R4
1750,一部,0.00007240,67.1971,R4
1751,乱,0.00007240,67.2043,R4
1752,任何人,0.00007240,67.2116,R4
1753,作出,0.00007240,67.2188,R4
1754,做出,0.00007240,67.2261,R4
1755,分类,0.00007240,67.2333,R4
1756,动作,0.00007240,67.2405,R4
1757,协助,0.00007240,67.2478,R4
1758,嗯,0.00007240,67.2550,R4
1759,四个,0.00007240,67.2623,R4
1760,城镇,0.00007240,67.2695,R4
1761,多个,0.00007240,67.2767,R4
1762,姐姐,0.00007240,67.2840,R4
1763,家族,0.00007240,67.2912,R4
1764,就算,0.00007240,67.2985,R4
1765,市长,0.00007240,67.3057,R4
1766,往往,0.00007240,67.3129,R4
1767,抗议,0.00007240,67.3202,R4
1768,损失,0.00007240,67.3274,R4
1769,时刻,0.00007240,67.3347,R4
1770,本人,0.00007240,67.3419,R4
1771,来看,0.00007240,67.3491,R4
1772,标志,0.00007240,67.3564,R4
1773,梦想,0.00007240,67.3636,R4
1774,海,0.00007240,67.3709,R4
1775,班,0.00007240,67.3781,R4
1776,痛苦,0.00007240,67.3853,R4
1777,的确,0.00007240,67.3926,R4
1778,短,0.00007240,67.3998,R4
1779,确认,0.00007240,67.4071,R4
1780,立场,0.00007240,67.4143,R4
1781,网页,0.00007240,67.4215,R4
1782,脚,0.00007240,67.4288,R4
1783,进口,0.00007240,67.4360,R4
1784,重庆,0.00007240,67.4433,R4
1785,预测,0.00007240,67.4505,R4
1786,频道,0.00007240,67.4577,R4
1787,y,0.00007080,67.4648,R4
1788,主动,0.00007080,67.4719,R4
1789,之外,0.00007080,67.4790,R4
1790,交,0.00007080,67.4861,R4
1791,信号,0.00007080,67.4931,R4
1792,像是,0.00007080,67.5002,R4
1793,刚才,0.00007080,67.5073,R4
1794,名单,0.00007080,67.5144,R4
1795,地震,0.00007080,67.5215,R4
1796,够,0.00007080,67.5285,R4
1797,展示,0.00007080,67.5356,R4
1798,岛,0.00007080,67.5427,R4
1799,左,0.00007080,67.5498,R4
1800,年龄,0.00007080,67.5569,R4
1801,应当,0.00007080,67.5639,R4
1802,当中,0.00007080,67.5710,R4
1803,微信,0.00007080,67.5781,R4
1804,成就,0.00007080,67.5852,R4
1805,挺,0.00007080,67.5923,R4
1806,接近,0.00007080,67.5993,R4
1807,森林,0.00007080,67.6064,R4
1808,江苏,0.00007080,67.6135,R4
1809,涉及,0.00007080,67.6206,R4
1810,演员,0.00007080,67.6277,R4
1811,秒,0.00007080,67.6347,R4
1812,罗,0.00007080,67.6418,R4
1813,补充,0.00007080,67.6489,R4
1814,记,0.00007080,67.6560,R4
1815,贷款,0.00007080,67.6631,R4
1816,遭到,0.00007080,67.6701,R4
1817,阻止,0.00007080,67.6772,R4
1818,龙,0.00007080,67.6843,R4
1819,上帝,0.00006920,67.6912,R4
1820,上述,0.00006920,67.6981,R4
1821,临时,0.00006920,67.7051,R4
1822,争议,0.00006920,67.7120,R4
1823,人大,0.00006920,67.7189,R4
1824,他人,0.00006920,67.7258,R4
1825,供,0.00006920,67.7327,R4
1826,冲,0.00006920,67.7397,R4
1827,古代,0.00006920,67.7466,R4
1828,命运,0.00006920,67.7535,R4
1829,哭,0.00006920,67.7604,R4
1830,因而,0.00006920,67.7673,R4
1831,地图,0.00006920,67.7743,R4
1832,地点,0.00006920,67.7812,R4
1833,声明,0.00006920,67.7881,R4
1834,多次,0.00006920,67.7950,R4
1835,始终,0.00006920,67.8019,R4
1836,实力,0.00006920,67.8089,R4
1837,小孩,0.00006920,67.8158,R4
1838,幸福,0.00006920,67.8227,R4
1839,广大,0.00006920,67.8296,R4
1840,敢,0.00006920,67.8365,R4
1841,新疆,0.00006920,67.8435,R4
1842,演出,0.00006920,67.8504,R4
1843,澳洲,0.00006920,67.8573,R4
1844,照顾,0.00006920,67.8642,R4
1845,牛,0.00006920,67.8711,R4
1846,百度,0.00006920,67.8781,R4
1847,竟然,0.00006920,67.8850,R4
1848,股份,0.00006920,67.8919,R4
1849,西部,0.00006920,67.8988,R4
1850,角度,0.00006920,67.9057,R4
1851,试图,0.00006920,67.9127,R4
1852,跳,0.00006920,67.9196,R4
1853,采访,0.00006920,67.9265,R4
1854,随后,0.00006920,67.9334,R4
1855,颜色,0.00006920,67.9403,R4
1856,馆,0.00006920,67.9473,R4
1857,by,0.00006760,67.9540,R4
1858,google,0.00006760,67.9608,R4
1859,и,0.00006760,67.9675,R4
1860,丈夫,0.00006760,67.9743,R4
1861,不行,0.00006760,67.9811,R4
1862,中间,0.00006760,67.9878,R4
1863,交换,0.00006760,67.9946,R4
1864,体验,0.00006760,68.0013,R4
1865,做到,0.00006760,68.0081,R4
1866,别的,0.00006760,68.0149,R4
1867,参考,0.00006760,68.0216,R4
1868,啥,0.00006760,68.0284,R4
1869,基于,0.00006760,68.0351,R4
1870,大多数,0.00006760,68.0419,R4
1871,天天,0.00006760,68.0487,R4
1872,实,0.00006760,68.0554,R4
1873,局,0.00006760,68.0622,R4
1874,巴西,0.00006760,68.0689,R4
1875,店,0.00006760,68.0757,R4
1876,忘,0.00006760,68.0825,R4
1877,思考,0.00006760,68.0892,R4
1878,恐怖,0.00006760,68.0960,R4
1879,授权,0.00006760,68.1027,R4
1880,播放,0.00006760,68.1095,R4
1881,有趣,0.00006760,68.1163,R4
1882,武装,0.00006760,68.1230,R4
1883,照,0.00006760,68.1298,R4
1884,爆炸,0.00006760,68.1365,R4
1885,球,0.00006760,68.1433,R4
1886,第三,0.00006760,68.1501,R4
1887,等待,0.00006760,68.1568,R4
1888,组合,0.00006760,68.1636,R4
1889,经典,0.00006760,68.1703,R4
1890,绿色,0.00006760,68.1771,R4
1891,至于,0.00006760,68.1839,R4
1892,计算机,0.00006760,68.1906,R4
1893,议会,0.00006760,68.1974,R4
1894,调,0.00006760,68.2041,R4
1895,财富,0.00006760,68.2109,R4
1896,越南,0.00006760,68.2177,R4
1897,适应,0.00006760,68.2244,R4
1898,适当,0.00006760,68.2312,R4
1899,g,0.00006610,68.2378,R4
1900,http,0.00006610,68.2444,R4
1901,一只,0.00006610,68.2510,R4
1902,一群,0.00006610,68.2576,R4
1903,义,0.00006610,68.2642,R4
1904,事实上,0.00006610,68.2708,R4
1905,儿,0.00006610,68.2775,R4
1906,动力,0.00006610,68.2841,R4
1907,南部,0.00006610,68.2907,R4
1908,即将,0.00006610,68.2973,R4
1909,周年,0.00006610,68.3039,R4
1910,咱们,0.00006610,68.3105,R4
1911,对待,0.00006610,68.3171,R4
1912,尝试,0.00006610,68.3237,R4
1913,居住,0.00006610,68.3303,R4
1914,座,0.00006610,68.3369,R4
1915,房子,0.00006610,68.3436,R4
1916,报纸,0.00006610,68.3502,R4
1917,指挥,0.00006610,68.3568,R4
1918,方便,0.00006610,68.3634,R4
1919,既然,0.00006610,68.3700,R4
1920,楼,0.00006610,68.3766,R4
1921,泰国,0.00006610,68.3832,R4
1922,率,0.00006610,68.3898,R4
1923,病毒,0.00006610,68.3964,R4
1924,篇,0.00006610,68.4030,R4
1925,视,0.00006610,68.4097,R4
1926,象,0.00006610,68.4163,R4
1927,赚,0.00006610,68.4229,R4
1928,连结,0.00006610,68.4295,R4
1929,通,0.00006610,68.4361,R4
1930,配合,0.00006610,68.4427,R4
1931,首都,0.00006610,68.4493,R4
1932,黑人,0.00006610,68.4559,R4
1933,七,0.00006460,68.4624,R4
1934,上市,0.00006460,68.4688,R4
1935,中国共产党,0.00006460,68.4753,R4
1936,之下,0.00006460,68.4818,R4
1937,互相,0.00006460,68.4882,R4
1938,人民币,0.00006460,68.4947,R4
1939,令人,0.00006460,68.5011,R4
1940,会员,0.00006460,68.5076,R4
1941,俱乐部,0.00006460,68.5141,R4
1942,公路,0.00006460,68.5205,R4
1943,出生,0.00006460,68.5270,R4
1944,十年,0.00006460,68.5334,R4
1945,司法,0.00006460,68.5399,R4
1946,声,0.00006460,68.5464,R4
1947,天气,0.00006460,68.5528,R4
1948,完善,0.00006460,68.5593,R4
1949,定义,0.00006460,68.5657,R4
1950,家长,0.00006460,68.5722,R4
1951,建造,0.00006460,68.5787,R4
1952,当前,0.00006460,68.5851,R4
1953,意外,0.00006460,68.5916,R4
1954,感情,0.00006460,68.5980,R4
1955,承诺,0.00006460,68.6045,R4
1956,污染,0.00006460,68.6110,R4
1957,没什么,0.00006460,68.6174,R4
1958,疾病,0.00006460,68.6239,R4
1959,究竟,0.00006460,68.6303,R4
1960,答案,0.00006460,68.6368,R4
1961,红色,0.00006460,68.6433,R4
1962,肉,0.00006460,68.6497,R4
1963,背后,0.00006460,68.6562,R4
1964,能源,0.00006460,68.6626,R4
1965,自杀,0.00006460,68.6691,R4
1966,西藏,0.00006460,68.6756,R4
1967,讲话,0.00006460,68.6820,R4
1968,详细,0.00006460,68.6885,R4
1969,轮,0.00006460,68.6949,R4
1970,进去,0.00006460,68.7014,R4
1971,领袖,0.00006460,68.7079,R4
1972,马上,0.00006460,68.7143,R4
1973,高中,0.00006460,68.7208,R4
1974,鱼,0.00006460,68.7272,R4
1975,下降,0.00006310,68.7336,R4
1976,不久,0.00006310,68.7399,R4
1977,东部,0.00006310,68.7462,R4
1978,两种,0.00006310,68.7525,R4
1979,乡村,0.00006310,68.7588,R4
1980,信仰,0.00006310,68.7651,R4
1981,先后,0.00006310,68.7714,R4
1982,决议,0.00006310,68.7777,R4
1983,原本,0.00006310,68.7840,R4
1984,及时,0.00006310,68.7903,R4
1985,可怕,0.00006310,68.7967,R4
1986,合理,0.00006310,68.8030,R4
1987,地址,0.00006310,68.8093,R4
1988,增强,0.00006310,68.8156,R4
1989,大学生,0.00006310,68.8219,R4
1990,女生,0.00006310,68.8282,R4
1991,如下,0.00006310,68.8345,R4
1992,妹妹,0.00006310,68.8408,R4
1993,室,0.00006310,68.8471,R4
1994,尚未,0.00006310,68.8534,R4
1995,工资,0.00006310,68.8598,R4
1996,府,0.00006310,68.8661,R4
1997,弄,0.00006310,68.8724,R4
1998,意,0.00006310,68.8787,R4
1999,成果,0.00006310,68.8850,R4
2000,所有人,0.00006310,68.8913,R4
2001,抢,0.00006310,68.8976,R4
2002,掌握,0.00006310,68.9039,R4
2003,收集,0.00006310,68.9102,R4
2004,暴力,0.00006310,68.9165,R4
2005,期待,0.00006310,68.9229,R4
2006,物,0.00006310,68.9292,R4
2007,生存,0.00006310,68.9355,R4
2008,留,0.00006310,68.9418,R4
2009,知,0.00006310,68.9481,R4
2010,罪,0.00006310,68.9544,R4
2011,股,0.00006310,68.9607,R4
2012,要是,0.00006310,68.9670,R4
2013,费,0.00006310,68.9733,R4
2014,赢得,0.00006310,68.9796,R4
2015,马来西亚,0.00006310,68.9860,R4
2016,at,0.00006170,68.9921,R4
2017,为主,0.00006170,68.9983,R4
2018,分子,0.00006170,69.0045,R4
2019,办理,0.00006170,69.0106,R4
2020,动态,0.00006170,69.0168,R4
2021,发射,0.00006170,69.0230,R4
2022,可爱,0.00006170,69.0291,R4
2023,启动,0.00006170,69.0353,R4
2024,在线,0.00006170,69.0415,R4
2025,地理,0.00006170,69.0477,R4
2026,外交,0.00006170,69.0538,R4
2027,大小,0.00006170,69.0600,R4
2028,婚姻,0.00006170,69.0662,R4
2029,将军,0.00006170,69.0723,R4
2030,布,0.00006170,69.0785,R4
2031,总结,0.00006170,69.0847,R4
2032,情,0.00006170,69.0908,R4
2033,成熟,0.00006170,69.0970,R4
2034,政党,0.00006170,69.1032,R4
2035,数学,0.00006170,69.1094,R4
2036,替,0.00006170,69.1155,R4
2037,有着,0.00006170,69.1217,R4
2038,条例,0.00006170,69.1279,R4
2039,林,0.00006170,69.1340,R4
2040,植物,0.00006170,69.1402,R4
2041,深入,0.00006170,69.1464,R4
2042,现代化,0.00006170,69.1525,R4
2043,电力,0.00006170,69.1587,R4
2044,看法,0.00006170,69.1649,R4
2045,科学家,0.00006170,69.1711,R4
2046,突破,0.00006170,69.1772,R4
2047,简直,0.00006170,69.1834,R4
2048,简称,0.00006170,69.1896,R4
2049,航空,0.00006170,69.1957,R4
2050,英,0.00006170,69.2019,R4
2051,讨厌,0.00006170,69.2081,R4
2052,证券,0.00006170,69.2142,R4
2053,请求,0.00006170,69.2204,R4
2054,财政,0.00006170,69.2266,R4
2055,走向,0.00006170,69.2328,R4
2056,达成,0.00006170,69.2389,R4
2057,这一,0.00006170,69.2451,R4
2058,进来,0.00006170,69.2513,R4
2059,追求,0.00006170,69.2574,R4
2060,逻辑,0.00006170,69.2636,R4
2061,集体,0.00006170,69.2698,R4
2062,顺利,0.00006170,69.2759,R4
2063,骂,0.00006170,69.2821,R4
2064,麻烦,0.00006170,69.2883,R4
2065,一座,0.00006030,69.2943,R4
2066,业,0.00006030,69.3003,R4
2067,乐,0.00006030,69.3064,R4
2068,云南,0.00006030,69.3124,R4
2069,人家,0.00006030,69.3184,R4
2070,伦敦,0.00006030,69.3245,R4
2071,党员,0.00006030,69.3305,R4
2072,具备,0.00006030,69.3365,R4
2073,厅,0.00006030,69.3426,R4
2074,厉害,0.00006030,69.3486,R4
2075,司机,0.00006030,69.3546,R4
2076,周围,0.00006030,69.3606,R4
2077,咨询,0.00006030,69.3667,R4
2078,多久,0.00006030,69.3727,R4
2079,大众,0.00006030,69.3787,R4
2080,平,0.00006030,69.3848,R4
2081,意大利,0.00006030,69.3908,R4
2082,愿,0.00006030,69.3968,R4
2083,提醒,0.00006030,69.4029,R4
2084,暂时,0.00006030,69.4089,R4
2085,歌,0.00006030,69.4149,R4
2086,沟通,0.00006030,69.4209,R4
2087,特定,0.00006030,69.4270,R4
2088,猜,0.00006030,69.4330,R4
2089,策略,0.00006030,69.4390,R4
2090,船,0.00006030,69.4451,R4
2091,菲律宾,0.00006030,69.4511,R4
2092,转变,0.00006030,69.4571,R4
2093,边,0.00006030,69.4632,R4
2094,违反,0.00006030,69.4692,R4
2095,释放,0.00006030,69.4752,R4
2096,预计,0.00006030,69.4812,R4
2097,鬼,0.00006030,69.4873,R4
2098,facebook,0.00005890,69.4932,R4
2099,一半,0.00005890,69.4991,R4
2100,一致,0.00005890,69.5049,R4
2101,丢,0.00005890,69.5108,R4
2102,九,0.00005890,69.5167,R4
2103,传说,0.00005890,69.5226,R4
2104,全体,0.00005890,69.5285,R4
2105,刺激,0.00005890,69.5344,R4
2106,协调,0.00005890,69.5403,R4
2107,哪些,0.00005890,69.5462,R4
2108,哲学,0.00005890,69.5521,R4
2109,四川,0.00005890,69.5580,R4
2110,国会,0.00005890,69.5638,R4
2111,士兵,0.00005890,69.5697,R4
2112,大多,0.00005890,69.5756,R4
2113,奇怪,0.00005890,69.5815,R4
2114,差异,0.00005890,69.5874,R4
2115,市民,0.00005890,69.5933,R4
2116,幸运,0.00005890,69.5992,R4
2117,感,0.00005890,69.6051,R4
2118,承担,0.00005890,69.6110,R4
2119,收购,0.00005890,69.6169,R4
2120,收费,0.00005890,69.6227,R4
2121,日常,0.00005890,69.6286,R4
2122,星期,0.00005890,69.6345,R4
2123,每次,0.00005890,69.6404,R4
2124,治理,0.00005890,69.6463,R4
2125,消费者,0.00005890,69.6522,R4
2126,猪,0.00005890,69.6581,R4
2127,理想,0.00005890,69.6640,R4
2128,看起来,0.00005890,69.6699,R4
2129,签署,0.00005890,69.6758,R4
2130,美女,0.00005890,69.6816,R4
2131,落实,0.00005890,69.6875,R4
2132,血,0.00005890,69.6934,R4
2133,装备,0.00005890,69.6993,R4
2134,解放,0.00005890,69.7052,R4
2135,警告,0.00005890,69.7111,R4
2136,退出,0.00005890,69.7170,R4
2137,适用,0.00005890,69.7229,R4
2138,酒,0.00005890,69.7288,R4
2139,°,0.00005750,69.7345,R4
2140,─,0.00005750,69.7403,R4
2141,亿美元,0.00005750,69.7460,R4
2142,以外,0.00005750,69.7518,R4
2143,作战,0.00005750,69.7575,R4
2144,俄国,0.00005750,69.7633,R4
2145,保险,0.00005750,69.7690,R4
2146,全民,0.00005750,69.7748,R4
2147,到处,0.00005750,69.7805,R4
2148,前进,0.00005750,69.7863,R4
2149,化学,0.00005750,69.7920,R4
2150,博物馆,0.00005750,69.7978,R4
2151,占领,0.00005750,69.8035,R4
2152,发起,0.00005750,69.8093,R4
2153,同一,0.00005750,69.8150,R4
2154,命,0.00005750,69.8208,R4
2155,年底,0.00005750,69.8265,R4
2156,当选,0.00005750,69.8323,R4
2157,心中,0.00005750,69.8380,R4
2158,想起,0.00005750,69.8438,R4
2159,房,0.00005750,69.8495,R4
2160,提到,0.00005750,69.8553,R4
2161,摄影,0.00005750,69.8610,R4
2162,日报,0.00005750,69.8668,R4
2163,明星,0.00005750,69.8725,R4
2164,法庭,0.00005750,69.8783,R4
2165,皇帝,0.00005750,69.8840,R4
2166,相互,0.00005750,69.8898,R4
2167,相应,0.00005750,69.8955,R4
2168,破,0.00005750,69.9013,R4
2169,票,0.00005750,69.9070,R4
2170,立刻,0.00005750,69.9128,R4
2171,结论,0.00005750,69.9185,R4
2172,色,0.00005750,69.9243,R4
2173,藏,0.00005750,69.9300,R4
2174,表明,0.00005750,69.9358,R4
2175,记忆,0.00005750,69.9415,R4
2176,试验,0.00005750,69.9473,R4
2177,输,0.00005750,69.9530,R4
2178,随时,0.00005750,69.9588,R4
2179,韩,0.00005750,69.9645,R4
2180,app,0.00005620,69.9701,R4
2181,一生,0.00005620,69.9758,R4
2182,主持,0.00005620,69.9814,R4
2183,事故,0.00005620,69.9870,R4
2184,事物,0.00005620,69.9926,R4
2185,伊朗,0.00005620,69.9982,R4
2186,具,0.00005620,70.0039,R4
2187,分为,0.00005620,70.0095,R4
2188,反而,0.00005620,70.0151,R4
2189,坐在,0.00005620,70.0207,R4
2190,基,0.00005620,70.0263,R4
2191,大规模,0.00005620,70.0320,R4
2192,安装,0.00005620,70.0376,R4
2193,将会,0.00005620,70.0432,R4
2194,希腊,0.00005620,70.0488,R4
2195,年轻人,0.00005620,70.0544,R4
2196,总部,0.00005620,70.0601,R4
2197,改造,0.00005620,70.0657,R4
2198,更是,0.00005620,70.0713,R4
2199,本地,0.00005620,70.0769,R4
2200,气,0.00005620,70.0825,R4
2201,浙江,0.00005620,70.0882,R4
2202,海军,0.00005620,70.0938,R4
2203,满,0.00005620,70.0994,R4
2204,热情,0.00005620,70.1050,R4
2205,牺牲,0.00005620,70.1106,R4
2206,睡觉,0.00005620,70.1163,R4
2207,空气,0.00005620,70.1219,R4
2208,编,0.00005620,70.1275,R4
2209,职务,0.00005620,70.1331,R4
2210,股东,0.00005620,70.1387,R4
2211,街道,0.00005620,70.1444,R4
2212,袭击,0.00005620,70.1500,R4
2213,轻,0.00005620,70.1556,R4
2214,连接,0.00005620,70.1612,R4
2215,首,0.00005620,70.1668,R4
2216,一片,0.00005500,70.1723,R4
2217,一系列,0.00005500,70.1778,R4
2218,两位,0.00005500,70.1833,R4
2219,仅仅,0.00005500,70.1888,R4
2220,公主,0.00005500,70.1943,R4
2221,十,0.00005500,70.1998,R4
2222,卫星,0.00005500,70.2053,R4
2223,器,0.00005500,70.2108,R4
2224,固定,0.00005500,70.2163,R4
2225,圈,0.00005500,70.2218,R4
2226,垃圾,0.00005500,70.2273,R4
2227,好看,0.00005500,70.2328,R4
2228,学术,0.00005500,70.2383,R4
2229,对外,0.00005500,70.2438,R4
2230,常常,0.00005500,70.2493,R4
2231,归,0.00005500,70.2548,R4
2232,怪,0.00005500,70.2603,R4
2233,抱,0.00005500,70.2658,R4
2234,旅行,0.00005500,70.2713,R4
2235,晚,0.00005500,70.2768,R4
2236,有所,0.00005500,70.2823,R4
2237,校长,0.00005500,70.2878,R4
2238,档案,0.00005500,70.2933,R4
2239,欧盟,0.00005500,70.2988,R4
2240,款,0.00005500,70.3043,R4
2241,此次,0.00005500,70.3098,R4
2242,河,0.00005500,70.3153,R4
2243,满意,0.00005500,70.3208,R4
2244,环保,0.00005500,70.3263,R4
2245,矛盾,0.00005500,70.3318,R4
2246,种种,0.00005500,70.3373,R4
2247,紧急,0.00005500,70.3428,R4
2248,美好,0.00005500,70.3483,R4
2249,草,0.00005500,70.3538,R4
2250,谈判,0.00005500,70.3593,R4
2251,车辆,0.00005500,70.3648,R4
2252,这场,0.00005500,70.3703,R4
2253,阶级,0.00005500,70.3758,R4
2254,高速,0.00005500,70.3813,R4
2255,黑暗,0.00005500,70.3868,R4
2256,k,0.00005370,70.3922,R4
2257,www,0.00005370,70.3976,R4
2258,两人,0.00005370,70.4029,R4
2259,乌克兰,0.00005370,70.4083,R4
2260,亲,0.00005370,70.4137,R4
2261,今晚,0.00005370,70.4191,R4
2262,休息,0.00005370,70.4244,R4
2263,优惠,0.00005370,70.4298,R4
2264,供应,0.00005370,70.4352,R4
2265,信任,0.00005370,70.4405,R4
2266,充分,0.00005370,70.4459,R4
2267,八,0.00005370,70.4513,R4
2268,剩下,0.00005370,70.4566,R4
2269,发明,0.00005370,70.4620,R4
2270,吨,0.00005370,70.4674,R4
2271,呼吁,0.00005370,70.4728,R4
2272,回应,0.00005370,70.4781,R4
2273,大师,0.00005370,70.4835,R4
2274,夫人,0.00005370,70.4889,R4
2275,奴隶,0.00005370,70.4942,R4
2276,对话,0.00005370,70.4996,R4
2277,患者,0.00005370,70.5050,R4
2278,情报,0.00005370,70.5103,R4
2279,房间,0.00005370,70.5157,R4
2280,执政,0.00005370,70.5211,R4
2281,指数,0.00005370,70.5265,R4
2282,探索,0.00005370,70.5318,R4
2283,接着,0.00005370,70.5372,R4
2284,搜索,0.00005370,70.5426,R4
2285,朝,0.00005370,70.5479,R4
2286,校园,0.00005370,70.5533,R4
2287,棒,0.00005370,70.5587,R4
2288,每日,0.00005370,70.5640,R4
2289,法官,0.00005370,70.5694,R4
2290,海洋,0.00005370,70.5748,R4
2291,独特,0.00005370,70.5802,R4
2292,猫,0.00005370,70.5855,R4
2293,登记,0.00005370,70.5909,R4
2294,真相,0.00005370,70.5963,R4
2295,而言,0.00005370,70.6016,R4
2296,能量,0.00005370,70.6070,R4
2297,试,0.00005370,70.6124,R4
2298,话题,0.00005370,70.6177,R4
2299,课,0.00005370,70.6231,R4
2300,身,0.00005370,70.6285,R4
2301,选手,0.00005370,70.6339,R4
2302,飞行,0.00005370,70.6392,R4
2303,黄金,0.00005370,70.6446,R4
2304,de,0.00005250,70.6498,R4
2305,上升,0.00005250,70.6551,R4
2306,不该,0.00005250,70.6603,R4
2307,五年,0.00005250,70.6656,R4
2308,倾向,0.00005250,70.6708,R4
2309,公,0.00005250,70.6761,R4
2310,分配,0.00005250,70.6813,R4
2311,利润,0.00005250,70.6866,R4
2312,前面,0.00005250,70.6918,R4
2313,可见,0.00005250,70.6971,R4
2314,吃饭,0.00005250,70.7023,R4
2315,各自,0.00005250,70.7076,R4
2316,呈现,0.00005250,70.7128,R4
2317,回去,0.00005250,70.7181,R4
2318,地铁,0.00005250,70.7233,R4
2319,好处,0.00005250,70.7286,R4
2320,姑娘,0.00005250,70.7338,R4
2321,年间,0.00005250,70.7391,R4
2322,必然,0.00005250,70.7443,R4
2323,想象,0.00005250,70.7496,R4
2324,戴,0.00005250,70.7548,R4
2325,手术,0.00005250,70.7601,R4
2326,托,0.00005250,70.7653,R4
2327,有限,0.00005250,70.7706,R4
2328,河南,0.00005250,70.7758,R4
2329,流行,0.00005250,70.7811,R4
2330,澳大利亚,0.00005250,70.7863,R4
2331,灵魂,0.00005250,70.7916,R4
2332,爱国,0.00005250,70.7968,R4
2333,电台,0.00005250,70.8021,R4
2334,知名,0.00005250,70.8073,R4
2335,纪录,0.00005250,70.8126,R4
2336,纷纷,0.00005250,70.8178,R4
2337,群体,0.00005250,70.8231,R4
2338,股票,0.00005250,70.8283,R4
2339,腿,0.00005250,70.8336,R4
2340,自从,0.00005250,70.8388,R4
2341,苏,0.00005250,70.8441,R4
2342,药,0.00005250,70.8493,R4
2343,荷兰,0.00005250,70.8546,R4
2344,装置,0.00005250,70.8598,R4
2345,观看,0.00005250,70.8651,R4
2346,证实,0.00005250,70.8703,R4
2347,谈话,0.00005250,70.8756,R4
2348,资讯,0.00005250,70.8808,R4
2349,路上,0.00005250,70.8861,R4
2350,辖,0.00005250,70.8913,R4
2351,运作,0.00005250,70.8966,R4
2352,进攻,0.00005250,70.9018,R4
2353,透过,0.00005250,70.9071,R4
2354,那时,0.00005250,70.9123,R4
2355,预期,0.00005250,70.9176,R4
2356,题,0.00005250,70.9228,R4
2357,f,0.00005130,70.9280,R4
2358,new,0.00005130,70.9331,R4
2359,é,0.00005130,70.9382,R4
2360,一级,0.00005130,70.9434,R4
2361,一面,0.00005130,70.9485,R4
2362,不如,0.00005130,70.9536,R4
2363,不必,0.00005130,70.9588,R4
2364,不满,0.00005130,70.9639,R4
2365,产量,0.00005130,70.9690,R4
2366,保留,0.00005130,70.9741,R4
2367,其他人,0.00005130,70.9793,R4
2368,加速,0.00005130,70.9844,R4
2369,印象,0.00005130,70.9895,R4
2370,可惜,0.00005130,70.9947,R4
2371,哈,0.00005130,70.9998,R4
2372,圣,0.00005130,71.0049,R4
2373,坚决,0.00005130,71.0101,R4
2374,射,0.00005130,71.0152,R4
2375,将来,0.00005130,71.0203,R4
2376,小心,0.00005130,71.0254,R4
2377,慢慢,0.00005130,71.0306,R4
2378,成都,0.00005130,71.0357,R4
2379,户,0.00005130,71.0408,R4
2380,排名,0.00005130,71.0460,R4
2381,本质,0.00005130,71.0511,R4
2382,条约,0.00005130,71.0562,R4
2383,欲,0.00005130,71.0614,R4
2384,流,0.00005130,71.0665,R4
2385,游客,0.00005130,71.0716,R4
2386,看过,0.00005130,71.0767,R4
2387,秘书,0.00005130,71.0819,R4
2388,约翰,0.00005130,71.0870,R4
2389,罗马,0.00005130,71.0921,R4
2390,老人,0.00005130,71.0973,R4
2391,虽,0.00005130,71.1024,R4
2392,表面,0.00005130,71.1075,R4
2393,诗,0.00005130,71.1127,R4
2394,负责人,0.00005130,71.1178,R4
2395,逮捕,0.00005130,71.1229,R4
2396,铁,0.00005130,71.1280,R4
2397,陪,0.00005130,71.1332,R4
2398,鸟,0.00005130,71.1383,R4
2399,world,0.00005010,71.1433,R4
2400,万人,0.00005010,71.1483,R4
2401,交给,0.00005010,71.1533,R4
2402,代,0.00005010,71.1583,R4
2403,仪式,0.00005010,71.1634,R4
2404,停,0.00005010,71.1684,R4
2405,共和国,0.00005010,71.1734,R4
2406,兴奋,0.00005010,71.1784,R4
2407,利,0.00005010,71.1834,R4
2408,到达,0.00005010,71.1884,R4
2409,华,0.00005010,71.1934,R4
2410,厕所,0.00005010,71.1984,R4
2411,发达,0.00005010,71.2034,R4
2412,古,0.00005010,71.2084,R4
2413,同事,0.00005010,71.2135,R4
2414,巴,0.00005010,71.2185,R4
2415,建成,0.00005010,71.2235,R4
2416,弟弟,0.00005010,71.2285,R4
2417,形势,0.00005010,71.2335,R4
2418,彼此,0.00005010,71.2385,R4
2419,房屋,0.00005010,71.2435,R4
2420,手中,0.00005010,71.2485,R4
2421,族,0.00005010,71.2535,R4
2422,日期,0.00005010,71.2585,R4
2423,星,0.00005010,71.2636,R4
2424,是从,0.00005010,71.2686,R4
2425,智慧,0.00005010,71.2736,R4
2426,欣赏,0.00005010,71.2786,R4
2427,此时,0.00005010,71.2836,R4
2428,治,0.00005010,71.2886,R4
2429,消灭,0.00005010,71.2936,R4
2430,湖南,0.00005010,71.2986,R4
2431,熟悉,0.00005010,71.3036,R4
2432,犯,0.00005010,71.3086,R4
2433,现有,0.00005010,71.3137,R4
2434,生长,0.00005010,71.3187,R4
2435,皮肤,0.00005010,71.3237,R4
2436,立,0.00005010,71.3287,R4
2437,等级,0.00005010,71.3337,R4
2438,舞台,0.00005010,71.3387,R4
2439,著作,0.00005010,71.3437,R4
2440,观念,0.00005010,71.3487,R4
2441,评估,0.00005010,71.3537,R4
2442,象征,0.00005010,71.3587,R4
2443,负,0.00005010,71.3638,R4
2444,重建,0.00005010,71.3688,R4
2445,领土,0.00005010,71.3738,R4
2446,饭,0.00005010,71.3788,R4
2447,鸡,0.00005010,71.3838,R4
2448,黑色,0.00005010,71.3888,R4
2449,上来,0.00004900,71.3937,R4
2450,不得不,0.00004900,71.3986,R4
2451,主人,0.00004900,71.4035,R4
2452,伤,0.00004900,71.4084,R4
2453,你好,0.00004900,71.4133,R4
2454,依,0.00004900,71.4182,R4
2455,信心,0.00004900,71.4231,R4
2456,候选人,0.00004900,71.4280,R4
2457,做好,0.00004900,71.4329,R4
2458,决策,0.00004900,71.4378,R4
2459,创建,0.00004900,71.4427,R4
2460,医学,0.00004900,71.4476,R4
2461,受害者,0.00004900,71.4525,R4
2462,吓,0.00004900,71.4574,R4
2463,唱,0.00004900,71.4623,R4
2464,嘴,0.00004900,71.4672,R4
2465,失望,0.00004900,71.4721,R4
2466,女士,0.00004900,71.4770,R4
2467,学科,0.00004900,71.4819,R4
2468,平衡,0.00004900,71.4868,R4
2469,很少,0.00004900,71.4917,R4
2470,得以,0.00004900,71.4966,R4
2471,心情,0.00004900,71.5015,R4
2472,思维,0.00004900,71.5064,R4
2473,推特,0.00004900,71.5113,R4
2474,撤销,0.00004900,71.5162,R4
2475,旁边,0.00004900,71.5211,R4
2476,早就,0.00004900,71.5260,R4
2477,模型,0.00004900,71.5309,R4
2478,欧,0.00004900,71.5358,R4
2479,气候,0.00004900,71.5407,R4
2480,浪费,0.00004900,71.5456,R4
2481,混乱,0.00004900,71.5505,R4
2482,目,0.00004900,71.5554,R4
2483,相比,0.00004900,71.5603,R4
2484,祖国,0.00004900,71.5652,R4
2485,等于,0.00004900,71.5701,R4
2486,经理,0.00004900,71.5750,R4
2487,腐败,0.00004900,71.5799,R4
2488,视为,0.00004900,71.5848,R4
2489,认证,0.00004900,71.5897,R4
2490,记载,0.00004900,71.5946,R4
2491,质,0.00004900,71.5995,R4
2492,通讯,0.00004900,71.6044,R4
2493,造,0.00004900,71.6093,R4
2494,防止,0.00004900,71.6142,R4
2495,须,0.00004900,71.6191,R4
2496,一个月,0.00004790,71.6239,R4
2497,一块,0.00004790,71.6287,R4
2498,一路,0.00004790,71.6335,R4
2499,上传,0.00004790,71.6383,R4
2500,上午,0.00004790,71.6431,R4
