rank,word,frequency,cum_pct
1,的,0.0617,6.17
2,是,0.0148,7.6499999999999995
3,在,0.0145,9.1
4,了,0.0138,10.48
5,我,0.00891,11.371
6,和,0.00724,12.095
7,有,0.00676,12.770999999999999
8,不,0.00575,13.346
9,人,0.0055,13.896
10,也,0.00501,14.396999999999998
11,你,0.00501,14.897999999999998
12,为,0.0049,15.387999999999996
13,他,0.00479,15.866999999999996
14,这,0.00479,16.345999999999993
15,中,0.00447,16.792999999999996
16,与,0.00437,17.229999999999997
17,年,0.00437,17.666999999999998
18,对,0.00427,18.093999999999998
19,就,0.00398,18.491999999999997
20,都,0.00389,18.880999999999997
21,一个,0.00363,19.243999999999996
22,上,0.00355,19.598999999999997
23,说,0.00355,19.953999999999997
24,吗,0.00339,20.292999999999996
25,我们,0.00339,20.631999999999998
26,会,0.00302,20.933999999999997
27,到,0.00302,21.235999999999997
28,要,0.00288,21.523999999999997
29,来,0.00282,21.805999999999994
30,中国,0.00275,22.080999999999996
31,月,0.00275,22.355999999999995
32,被,0.00263,22.618999999999996
33,他们,0.00251,22.869999999999997
34,没有,0.0024,23.109999999999996
35,还,0.0024,23.349999999999998
36,而,0.00229,23.578999999999997
37,个,0.00224,23.802999999999997
38,可以,0.00219,24.021999999999995
39,后,0.00214,24.235999999999997
40,等,0.00214,24.449999999999996
41,但,0.00209,24.659
42,于,0.00204,24.862999999999996
43,什么,0.002,25.062999999999995
44,日,0.002,25.262999999999998
45,这个,0.002,25.462999999999997
46,将,0.00195,25.657999999999998
47,并,0.00195,25.852999999999998
48,能,0.00195,26.048
49,一,0.00186,26.233999999999995
50,很,0.00186,26.419999999999995
51,让,0.00182,26.601999999999993
52,从,0.00178,26.779999999999994
53,国家,0.00178,26.95799999999999
54,以,0.00174,27.131999999999994
55,好,0.00174,27.305999999999997
56,大,0.0017,27.475999999999996
57,她,0.0017,27.645999999999994
58,着,0.00166,27.81199999999999
59,多,0.00162,27.973999999999993
60,自己,0.00158,28.131999999999994
61,问题,0.00155,28.286999999999995
62,时,0.00151,28.437999999999995
63,给,0.00151,28.589
64,把,0.00148,28.736999999999995
65,去,0.00145,28.881999999999998
66,看,0.00145,29.026999999999997
67,又,0.00138,29.164999999999996
68,美国,0.00138,29.302999999999997
69,或,0.00132,29.434999999999995
70,因为,0.00129,29.563999999999997
71,下,0.00126,29.689999999999994
72,不是,0.00126,29.815999999999992
73,之,0.00126,29.94199999999999
74,现在,0.00126,30.06799999999999
75,过,0.00126,30.19399999999999
76,新,0.00123,30.31699999999999
77,里,0.00123,30.43999999999999
78,做,0.0012,30.559999999999988
79,及,0.0012,30.679999999999986
80,地,0.0012,30.799999999999983
81,由,0.0012,30.91999999999998
82,3,0.00117,31.03699999999998
83,怎么,0.00117,31.153999999999982
84,没,0.00117,31.270999999999983
85,用,0.00117,31.387999999999984
86,就是,0.00115,31.502999999999982
87,已经,0.00115,31.61799999999998
88,更,0.00115,31.73299999999998
89,这些,0.00112,31.844999999999978
90,1,0.0011,31.954999999999977
91,得,0.0011,32.064999999999976
92,所,0.0011,32.174999999999976
93,发展,0.00107,32.281999999999975
94,开始,0.00107,32.38899999999998
95,想,0.00107,32.49599999999998
96,最,0.00107,32.60299999999998
97,这样,0.00107,32.70999999999999
98,公司,0.00105,32.81499999999998
99,它,0.00105,32.91999999999998
100,政府,0.00105,33.024999999999984
101,可能,0.00102,33.12699999999998
102,那,0.00102,33.228999999999985
103,2,0.001,33.328999999999986
104,工作,0.000977,33.42669999999999
105,社会,0.000977,33.524399999999986
106,三,0.000955,33.61989999999999
107,可,0.000955,33.71539999999998
108,吧,0.000955,33.81089999999998
109,如果,0.000933,33.90419999999998
110,知道,0.000933,33.99749999999999
111,进行,0.000933,34.09079999999999
112,世界,0.000912,34.18199999999999
113,其,0.000912,34.273199999999996
114,日本,0.000912,34.364399999999996
115,该,0.000912,34.4556
116,5,0.000891,34.54469999999999
117,不能,0.000871,34.6318
118,只,0.000871,34.7189
119,向,0.000871,34.806
120,计划,0.000871,34.8931
121,前,0.000851,34.9782
122,成为,0.000851,35.0633
123,时间,0.000851,35.148399999999995
124,认为,0.000851,35.23349999999999
125,需要,0.000851,35.318599999999996
126,出,0.000832,35.401799999999994
127,啊,0.000832,35.48499999999999
128,已,0.000832,35.5682
129,再,0.000776,35.645799999999994
130,国际,0.000776,35.72339999999999
131,地区,0.000776,35.800999999999995
132,小,0.000776,35.87859999999999
133,当,0.000776,35.956199999999995
134,时候,0.000776,36.03379999999999
135,们,0.000759,36.1097
136,内,0.000759,36.185599999999994
137,却,0.000759,36.2615
138,使用,0.000741,36.33559999999999
139,才,0.000741,36.409699999999994
140,经济,0.000741,36.483799999999995
141,活动,0.000724,36.5562
142,爱,0.000724,36.62859999999999
143,但是,0.000708,36.69939999999999
144,历史,0.000708,36.77019999999999
145,应该,0.000708,36.840999999999994
146,政治,0.000708,36.91179999999999
147,第,0.000708,36.98259999999999
148,谁,0.000708,37.05339999999999
149,4,0.000692,37.12259999999999
150,不会,0.000692,37.19179999999999
151,以及,0.000692,37.260999999999996
152,情况,0.000692,37.3302
153,真的,0.000692,37.3994
154,组织,0.000692,37.4686
155,8,0.000676,37.5362
156,人民,0.000676,37.60380000000001
157,其他,0.000676,37.671400000000006
158,发生,0.000676,37.739000000000004
159,主要,0.000661,37.80510000000001
160,号,0.000661,37.87120000000001
161,地方,0.000661,37.937300000000015
162,网站,0.000661,38.00340000000001
163,香港,0.000661,38.06950000000002
164,生活,0.000646,38.13410000000002
165,这种,0.000646,38.19870000000002
166,你们,0.000631,38.261800000000015
167,通过,0.000631,38.324900000000014
168,为了,0.000617,38.38660000000001
169,事,0.000617,38.44830000000001
170,同时,0.000617,38.510000000000005
171,必须,0.000617,38.5717
172,快,0.000617,38.6334
173,所以,0.000603,38.6937
174,所有,0.000603,38.754000000000005
175,比,0.000603,38.81430000000001
176,跟,0.000603,38.87460000000001
177,包括,0.000589,38.93350000000001
178,发现,0.000589,38.99240000000001
179,请,0.000589,39.05130000000001
180,还有,0.000589,39.11020000000001
181,长,0.000589,39.169100000000014
182,一些,0.000575,39.22660000000001
183,为什么,0.000575,39.28410000000001
184,全国,0.000575,39.34160000000001
185,决定,0.000575,39.39910000000001
186,出现,0.000575,39.45660000000001
187,呢,0.000575,39.514100000000006
188,如何,0.000575,39.571600000000004
189,还是,0.000575,39.62910000000001
190,a,0.000562,39.685300000000005
191,一样,0.000562,39.74150000000001
192,企业,0.000562,39.797700000000006
193,其中,0.000562,39.85390000000001
194,北京,0.000562,39.91010000000001
195,觉得,0.000562,39.96630000000001
196,重要,0.000562,40.02250000000001
197,高,0.000562,40.07870000000001
198,6,0.00055,40.13370000000001
199,影响,0.00055,40.18870000000001
200,the,0.000537,40.24240000000001
201,则,0.000537,40.29610000000001
202,喜欢,0.000537,40.349800000000016
203,文化,0.000537,40.403500000000015
204,起来,0.000537,40.457200000000014
205,不过,0.000525,40.50970000000002
206,作为,0.000525,40.56220000000002
207,学生,0.000525,40.61470000000001
208,希望,0.000525,40.667200000000015
209,技术,0.000525,40.71970000000002
210,提供,0.000525,40.77220000000001
211,至,0.000525,40.824700000000014
212,要求,0.000525,40.877200000000016
213,那么,0.000525,40.92970000000001
214,钱,0.000525,40.98220000000001
215,7,0.000513,41.03350000000001
216,一定,0.000513,41.08480000000001
217,不同,0.000513,41.136100000000006
218,电影,0.000513,41.18740000000001
219,万,0.000501,41.237500000000004
220,不要,0.000501,41.287600000000005
221,使,0.000501,41.3377
222,像,0.000501,41.3878
223,点,0.000501,41.43789999999999
224,关系,0.00049,41.48689999999999
225,只是,0.00049,41.53589999999999
226,听,0.00049,41.58489999999999
227,研究,0.00049,41.63389999999999
228,这么,0.00049,41.68289999999999
229,出来,0.000479,41.73079999999999
230,根据,0.000479,41.77869999999999
231,此,0.000479,41.82659999999999
232,系统,0.000479,41.87449999999999
233,起,0.000479,41.922399999999996
234,两,0.000468,41.969199999999994
235,任何,0.000468,42.016
236,只有,0.000468,42.0628
237,服务,0.000468,42.1096
238,结果,0.000468,42.156400000000005
239,自,0.000468,42.20320000000001
240,这里,0.000468,42.25000000000001
241,一起,0.000457,42.29570000000001
242,因此,0.000457,42.34140000000001
243,国,0.000457,42.387100000000004
244,如,0.000457,42.4328
245,带,0.000457,42.478500000000004
246,游戏,0.000457,42.5242
247,看到,0.000457,42.5699
248,虽然,0.000457,42.6156
249,走,0.000457,42.6613
250,9,0.000447,42.705999999999996
251,中心,0.000447,42.750699999999995
252,人们,0.000447,42.79539999999999
253,今天,0.000447,42.840099999999985
254,代表,0.000447,42.884799999999984
255,吃,0.000447,42.92949999999998
256,岁,0.000447,42.97419999999998
257,支持,0.000447,43.018899999999974
258,无,0.000447,43.06359999999997
259,而且,0.000447,43.10829999999997
260,话,0.000447,43.15299999999997
261,较,0.000447,43.19769999999997
262,一直,0.000437,43.24139999999997
263,么,0.000437,43.28509999999997
264,区,0.000437,43.32879999999997
265,城市,0.000437,43.372499999999974
266,太,0.000437,43.416199999999975
267,家,0.000437,43.459899999999976
268,市场,0.000437,43.503599999999985
269,最后,0.000437,43.547299999999986
270,约,0.000437,43.59099999999999
271,继续,0.000437,43.63469999999999
272,者,0.000437,43.67839999999999
273,东西,0.000427,43.72109999999999
274,之后,0.000427,43.76379999999999
275,内容,0.000427,43.80649999999999
276,对于,0.000427,43.849199999999996
277,开,0.000427,43.89189999999999
278,教育,0.000427,43.934599999999996
279,特别,0.000427,43.9773
280,由于,0.000427,44.019999999999996
281,获得,0.000427,44.0627
282,许多,0.000427,44.1054
283,问,0.000427,44.1481
284,两个,0.000417,44.1898
285,大学,0.000417,44.231500000000004
286,学校,0.000417,44.2732
287,方式,0.000417,44.3149
288,朋友,0.000417,44.3566
289,目前,0.000417,44.3983
290,站,0.000417,44.440000000000005
291,表示,0.000417,44.481700000000004
292,资料,0.000417,44.5234
293,这是,0.000417,44.5651
294,一种,0.000407,44.6058
295,元,0.000407,44.6465
296,关于,0.000407,44.6872
297,写,0.000407,44.7279
298,因,0.000407,44.7686
299,孩子,0.000407,44.80929999999999
300,安全,0.000407,44.849999999999994
301,成,0.000407,44.890699999999995
302,大家,0.000398,44.930499999999995
303,打,0.000398,44.970299999999995
304,运动,0.000398,45.010099999999994
305,部分,0.000398,45.0499
306,分,0.000389,45.08879999999999
307,很多,0.000389,45.12769999999999
308,死,0.000389,45.16659999999999
309,见,0.000389,45.20549999999999
310,非常,0.000389,45.244399999999985
311,买,0.00038,45.28239999999998
312,叫,0.00038,45.320399999999985
313,台湾,0.00038,45.35839999999998
314,图,0.00038,45.39639999999998
315,建设,0.00038,45.43439999999998
316,新闻,0.00038,45.47239999999998
317,曾,0.00038,45.510399999999976
318,有人,0.00038,45.54839999999998
319,自由,0.00038,45.586399999999976
320,参加,0.000372,45.623599999999975
321,当时,0.000372,45.66079999999997
322,过去,0.000372,45.69799999999997
323,那些,0.000372,45.73519999999997
324,产品,0.000363,45.77149999999997
325,会议,0.000363,45.80779999999997
326,单位,0.000363,45.84409999999997
327,即,0.000363,45.88039999999997
328,完全,0.000363,45.91669999999997
329,建立,0.000363,45.952999999999975
330,得到,0.000363,45.98929999999997
331,有关,0.000363,46.02559999999997
332,生产,0.000363,46.06189999999997
333,相关,0.000363,46.09819999999997
334,道,0.000363,46.134499999999974
335,国内,0.000355,46.16999999999997
336,天,0.000355,46.20549999999997
337,委员会,0.000355,46.24099999999997
338,总,0.000355,46.27649999999997
339,然后,0.000355,46.31199999999997
340,选择,0.000355,46.34749999999997
341,那个,0.000355,46.38299999999997
342,一切,0.000347,46.41769999999997
343,一次,0.000347,46.45239999999997
344,人口,0.000347,46.48709999999996
345,另,0.000347,46.52179999999996
346,应,0.000347,46.556499999999964
347,无法,0.000347,46.59119999999996
348,正,0.000347,46.62589999999996
349,管理,0.000347,46.66059999999996
350,能够,0.000347,46.69529999999995
351,记者,0.000347,46.729999999999954
352,进入,0.000347,46.764699999999955
353,领导,0.000347,46.79939999999995
354,s,0.000339,46.83329999999995
355,上海,0.000339,46.86719999999995
356,个人,0.000339,46.90109999999994
357,便,0.000339,46.934999999999945
358,党,0.000339,46.96889999999994
359,间,0.000339,47.00279999999994
360,一般,0.000331,47.03589999999994
361,发,0.000331,47.068999999999946
362,名,0.000331,47.10209999999995
363,完成,0.000331,47.13519999999995
364,干,0.000331,47.16829999999995
365,本,0.000331,47.20139999999996
366,环境,0.000331,47.234499999999954
367,网络,0.000331,47.26759999999996
368,达,0.000331,47.30069999999996
369,一点,0.000324,47.33309999999996
370,保护,0.000324,47.36549999999996
371,找,0.000324,47.39789999999996
372,提出,0.000324,47.43029999999996
373,民主,0.000324,47.462699999999955
374,甚至,0.000324,47.49509999999996
375,称,0.000324,47.527499999999954
376,事件,0.000316,47.55909999999995
377,当然,0.000316,47.590699999999956
378,您,0.000316,47.62229999999995
379,机构,0.000316,47.65389999999995
380,法律,0.000316,47.68549999999995
381,玩,0.000316,47.717099999999945
382,视频,0.000316,47.74869999999994
383,过程,0.000316,47.78029999999994
384,准备,0.000309,47.81119999999994
385,县,0.000309,47.842099999999945
386,受,0.000309,47.87299999999994
387,直接,0.000309,47.90389999999994
388,真,0.000309,47.934799999999946
389,设计,0.000309,47.96569999999994
390,进,0.000309,47.996599999999944
391,之间,0.000302,48.026799999999945
392,事情,0.000302,48.05699999999995
393,人员,0.000302,48.08719999999995
394,信息,0.000302,48.117399999999954
395,哪里,0.000302,48.147599999999954
396,处,0.000302,48.17779999999996
397,女,0.000302,48.20799999999996
398,存在,0.000302,48.23819999999996
399,学习,0.000302,48.268399999999964
400,总统,0.000302,48.29859999999997
401,成功,0.000302,48.32879999999997
402,或者,0.000302,48.35899999999997
403,战争,0.000302,48.389199999999974
404,报告,0.000302,48.41939999999998
405,最大,0.000302,48.44959999999998
406,每,0.000302,48.47979999999998
407,比较,0.000302,48.509999999999984
408,照片,0.000302,48.54019999999999
409,种,0.000302,48.57039999999999
410,英国,0.000302,48.60059999999999
411,各,0.000295,48.63009999999999
412,市,0.000295,48.65959999999999
413,接受,0.000295,48.68909999999999
414,改变,0.000295,48.71859999999999
415,政策,0.000295,48.74809999999999
416,方法,0.000295,48.777599999999985
417,时期,0.000295,48.807099999999984
418,正在,0.000295,48.83659999999998
419,科技,0.000295,48.86609999999998
420,项目,0.000295,48.89559999999998
421,一下,0.000288,48.924399999999984
422,不断,0.000288,48.95319999999999
423,以后,0.000288,48.981999999999985
424,位,0.000288,49.01079999999999
425,作,0.000288,49.039599999999986
426,合作,0.000288,49.06839999999999
427,故事,0.000288,49.097199999999994
428,方面,0.000288,49.12599999999999
429,有些,0.000288,49.154799999999994
430,未,0.000288,49.18359999999999
431,次,0.000288,49.212399999999995
432,省,0.000288,49.2412
433,网,0.000288,49.269999999999996
434,老,0.000288,49.2988
435,认识,0.000288,49.3276
436,资源,0.000288,49.3564
437,集团,0.000288,49.385200000000005
438,专业,0.000282,49.4134
439,之前,0.000282,49.4416
440,任务,0.000282,49.4698
441,原因,0.000282,49.498000000000005
442,参与,0.000282,49.5262
443,外,0.000282,49.5544
444,女人,0.000282,49.582600000000006
445,小时,0.000282,49.610800000000005
446,成立,0.000282,49.639
447,是否,0.000282,49.66720000000001
448,科学,0.000282,49.69540000000001
449,经,0.000282,49.723600000000005
450,规定,0.000282,49.75180000000001
451,举行,0.000275,49.779300000000006
452,了解,0.000275,49.80680000000001
453,副,0.000275,49.83430000000001
454,处理,0.000275,49.86180000000002
455,多少,0.000275,49.88930000000002
456,感觉,0.000275,49.91680000000002
457,拥有,0.000275,49.94430000000003
458,时代,0.000275,49.97180000000003
459,电话,0.000275,49.99930000000003
460,能力,0.000275,50.02680000000003
461,艺术,0.000275,50.054300000000026
462,解决,0.000275,50.08180000000003
463,马,0.000275,50.10930000000003
464,传统,0.000269,50.13620000000003
465,全球,0.000269,50.16310000000003
466,其实,0.000269,50.190000000000026
467,机会,0.000269,50.21690000000002
468,独立,0.000269,50.243800000000014
469,美,0.000269,50.27070000000001
470,行,0.000269,50.29760000000001
471,行为,0.000269,50.32450000000001
472,超过,0.000269,50.3514
473,路,0.000269,50.378299999999996
474,连,0.000269,50.405199999999994
475,韩国,0.000269,50.43209999999999
476,产生,0.000263,50.45839999999999
477,人类,0.000263,50.4847
478,分析,0.000263,50.510999999999996
479,制,0.000263,50.537299999999995
480,各种,0.000263,50.563599999999994
481,告诉,0.000263,50.5899
482,它们,0.000263,50.6162
483,手机,0.000263,50.6425
484,投资,0.000263,50.668800000000005
485,拿,0.000263,50.695100000000004
486,期间,0.000263,50.7214
487,法国,0.000263,50.74770000000001
488,目标,0.000263,50.77400000000001
489,真正,0.000263,50.80030000000001
490,调查,0.000263,50.82660000000001
491,世纪,0.000257,50.85230000000001
492,严重,0.000257,50.878
493,仍,0.000257,50.90369999999999
494,军,0.000257,50.929399999999994
495,同,0.000257,50.95509999999999
496,哪,0.000257,50.98079999999998
497,增加,0.000257,51.006499999999974
498,帮助,0.000257,51.032199999999975
499,并且,0.000257,51.05789999999997
500,行动,0.000257,51.08359999999996
501,造成,0.000257,51.109299999999955
502,of,0.000251,51.13439999999996
503,作品,0.000251,51.15949999999996
504,先,0.000251,51.18459999999996
505,占,0.000251,51.209699999999955
506,受到,0.000251,51.23479999999996
507,台,0.000251,51.25989999999996
508,基础,0.000251,51.28499999999996
509,家庭,0.000251,51.310099999999956
510,工业,0.000251,51.33519999999996
511,杀,0.000251,51.36029999999996
512,相信,0.000251,51.38539999999996
513,第一,0.000251,51.410499999999956
514,负责,0.000251,51.43559999999996
515,二,0.000245,51.46009999999996
516,住,0.000245,51.48459999999997
517,具有,0.000245,51.509099999999975
518,学,0.000245,51.53359999999998
519,实现,0.000245,51.55809999999998
520,怎样,0.000245,51.58259999999999
521,据,0.000245,51.607099999999996
522,控制,0.000245,51.6316
523,根本,0.000245,51.6561
524,男人,0.000245,51.68060000000001
525,结束,0.000245,51.705100000000016
526,非,0.000245,51.72960000000002
527,t,0.00024,51.75360000000002
528,书,0.00024,51.77760000000002
529,亦,0.00024,51.80160000000002
530,别,0.00024,51.82560000000003
531,努力,0.00024,51.84960000000003
532,只要,0.00024,51.87360000000003
533,回,0.00024,51.89760000000003
534,如此,0.00024,51.92160000000003
535,媒体,0.00024,51.945600000000034
536,才能,0.00024,51.969600000000035
537,整个,0.00024,51.99360000000004
538,来自,0.00024,52.017600000000044
539,经过,0.00024,52.041600000000045
540,群众,0.00024,52.065600000000046
541,选举,0.00024,52.08960000000005
542,以下,0.000234,52.11300000000004
543,利用,0.000234,52.13640000000004
544,制度,0.000234,52.15980000000003
545,我国,0.000234,52.18320000000003
546,欧洲,0.000234,52.20660000000002
547,每个,0.000234,52.23000000000002
548,比赛,0.000234,52.25340000000001
549,表现,0.000234,52.27680000000001
550,达到,0.000234,52.30020000000001
551,主席,0.000229,52.32310000000001
552,以上,0.000229,52.34600000000002
553,以来,0.000229,52.36890000000002
554,几个,0.000229,52.391800000000025
555,办法,0.000229,52.414700000000025
556,图片,0.000229,52.43760000000003
557,年代,0.000229,52.46050000000003
558,开发,0.000229,52.48340000000004
559,心,0.000229,52.50630000000004
560,成员,0.000229,52.529200000000046
561,未来,0.000229,52.552100000000046
562,讲,0.000229,52.57500000000005
563,革命,0.000229,52.59790000000005
564,价值,0.000224,52.62030000000005
565,反,0.000224,52.642700000000055
566,基本,0.000224,52.66510000000005
567,导致,0.000224,52.68750000000006
568,条,0.000224,52.709900000000054
569,注意,0.000224,52.73230000000005
570,的话,0.000224,52.75470000000006
571,离开,0.000224,52.777100000000054
572,送,0.000224,52.79950000000005
573,除了,0.000224,52.821900000000056
574,加入,0.000219,52.84380000000005
575,反对,0.000219,52.86570000000005
576,发布,0.000219,52.88760000000005
577,啦,0.000219,52.909500000000044
578,属于,0.000219,52.93140000000004
579,建筑,0.000219,52.953300000000034
580,形成,0.000219,52.97520000000004
581,数据,0.000219,52.99710000000003
582,版,0.000219,53.01900000000003
583,行政,0.000219,53.04090000000002
584,银行,0.000219,53.062800000000024
585,音乐,0.000219,53.08470000000002
586,0,0.000214,53.106100000000026
587,之一,0.000214,53.127500000000026
588,变化,0.000214,53.14890000000003
589,增长,0.000214,53.17030000000004
590,官方,0.000214,53.19170000000004
591,德国,0.000214,53.21310000000005
592,性,0.000214,53.234500000000054
593,指,0.000214,53.255900000000054
594,是不是,0.000214,53.27730000000006
595,显示,0.000214,53.29870000000007
596,经验,0.000214,53.32010000000007
597,语言,0.000214,53.341500000000075
598,and,0.000209,53.36240000000008
599,专家,0.000209,53.38330000000008
600,价格,0.000209,53.40420000000008
601,医院,0.000209,53.42510000000008
602,均,0.000209,53.44600000000008
603,建议,0.000209,53.46690000000008
604,怎么样,0.000209,53.487800000000085
605,指出,0.000209,53.50870000000009
606,期,0.000209,53.52960000000009
607,权利,0.000209,53.55050000000009
608,条件,0.000209,53.57140000000009
609,来说,0.000209,53.592300000000094
610,标准,0.000209,53.61320000000009
611,法,0.000209,53.634100000000096
612,说明,0.000209,53.6550000000001
613,这次,0.000209,53.6759000000001
614,部门,0.000209,53.6968000000001
615,m,0.000204,53.7172000000001
616,全,0.000204,53.7376000000001
617,变,0.000204,53.758000000000095
618,可是,0.000204,53.77840000000009
619,改革,0.000204,53.79880000000009
620,母亲,0.000204,53.81920000000009
621,米,0.000204,53.83960000000009
622,系列,0.000204,53.860000000000085
623,联系,0.000204,53.88040000000009
624,警察,0.000204,53.90080000000008
625,记录,0.000204,53.92120000000008
626,不仅,0.0002,53.94120000000008
627,人物,0.0002,53.961200000000076
628,共,0.0002,53.98120000000007
629,别人,0.0002,54.00120000000007
630,后来,0.0002,54.02120000000007
631,女性,0.0002,54.04120000000007
632,意见,0.0002,54.06120000000006
633,执行,0.0002,54.08120000000006
634,最高,0.0002,54.10120000000006
635,机关,0.0002,54.12120000000006
636,水,0.0002,54.141200000000055
637,生,0.0002,54.16120000000005
638,用户,0.0002,54.181200000000054
639,确定,0.0002,54.20120000000005
640,解释,0.0002,54.221200000000046
641,中央,0.000195,54.24070000000004
642,以前,0.000195,54.26020000000003
643,俄罗斯,0.000195,54.279700000000034
644,先生,0.000195,54.29920000000003
645,关注,0.000195,54.31870000000002
646,分别,0.000195,54.338200000000015
647,区域,0.000195,54.35770000000001
648,工程,0.000195,54.3772
649,父亲,0.000195,54.396699999999996
650,理论,0.000195,54.41619999999999
651,简单,0.000195,54.43569999999999
652,结构,0.000195,54.455199999999984
653,综合,0.000195,54.47469999999998
654,老师,0.000195,54.49419999999997
655,讨论,0.000195,54.513699999999965
656,证明,0.000195,54.53319999999996
657,采用,0.000195,54.55269999999995
658,in,0.000191,54.57179999999996
659,一位,0.000191,54.59089999999996
660,不到,0.000191,54.60999999999997
661,儿子,0.000191,54.62909999999997
662,全部,0.000191,54.64819999999998
663,公开,0.000191,54.66729999999998
664,发表,0.000191,54.68639999999999
665,宣布,0.000191,54.705499999999994
666,当地,0.000191,54.7246
667,最近,0.000191,54.743700000000004
668,派,0.000191,54.76280000000001
669,社区,0.000191,54.781900000000014
670,自然,0.000191,54.80100000000002
671,那里,0.000191,54.820100000000025
672,今年,0.000186,54.83870000000003
673,介绍,0.000186,54.85730000000003
674,以为,0.000186,54.87590000000003
675,功能,0.000186,54.894500000000036
676,坚持,0.000186,54.913100000000036
677,学院,0.000186,54.93170000000004
678,意思,0.000186,54.95030000000004
679,找到,0.000186,54.96890000000004
680,提高,0.000186,54.98750000000005
681,搞,0.000186,55.006100000000046
682,范围,0.000186,55.024700000000045
683,车,0.000186,55.04330000000005
684,b,0.000182,55.06150000000005
685,例如,0.000182,55.07970000000005
686,共同,0.000182,55.09790000000005
687,农业,0.000182,55.11610000000006
688,力量,0.000182,55.13430000000006
689,原,0.000182,55.15250000000006
690,取得,0.000182,55.17070000000006
691,同样,0.000182,55.18890000000006
692,土地,0.000182,55.20710000000007
693,实施,0.000182,55.22530000000007
694,手,0.000182,55.24350000000007
695,旅游,0.000182,55.26170000000007
696,正式,0.000182,55.27990000000007
697,民族,0.000182,55.29810000000007
698,类,0.000182,55.316300000000076
699,级,0.000182,55.33450000000008
700,组成,0.000182,55.35270000000008
701,i,0.000178,55.37050000000008
702,一天,0.000178,55.38830000000008
703,些,0.000178,55.40610000000008
704,保证,0.000178,55.42390000000008
705,健康,0.000178,55.44170000000008
706,场,0.000178,55.459500000000084
707,大量,0.000178,55.477300000000085
708,实际,0.000178,55.495100000000086
709,容易,0.000178,55.51290000000009
710,开放,0.000178,55.53070000000009
711,持续,0.000178,55.54850000000009
712,权力,0.000178,55.56630000000009
713,永远,0.000178,55.58410000000009
714,消息,0.000178,55.60190000000009
715,然而,0.000178,55.619700000000094
716,电视,0.000178,55.637500000000095
717,看看,0.000178,55.655300000000096
718,精神,0.000178,55.6731000000001
719,考虑,0.000178,55.6909000000001
720,重点,0.000178,55.7087000000001
721,位于,0.000174,55.7261000000001
722,免费,0.000174,55.743500000000104
723,印度,0.000174,55.7609000000001
724,变成,0.000174,55.7783000000001
725,另外,0.000174,55.7957000000001
726,型,0.000174,55.813100000000105
727,声音,0.000174,55.83050000000011
728,女儿,0.000174,55.84790000000011
729,妈妈,0.000174,55.865300000000104
730,应用,0.000174,55.882700000000106
731,想要,0.000174,55.90010000000011
732,按,0.000174,55.91750000000011
733,明白,0.000174,55.93490000000011
734,最终,0.000174,55.95230000000011
735,汽车,0.000174,55.96970000000011
736,相当,0.000174,55.98710000000011
737,空间,0.000174,56.004500000000114
738,线,0.000174,56.021900000000116
739,终于,0.000174,56.03930000000011
740,美元,0.000174,56.05670000000011
741,设备,0.000174,56.074100000000115
742,足球,0.000174,56.09150000000012
743,里面,0.000174,56.10890000000012
744,领域,0.000174,56.126300000000114
745,产业,0.00017,56.14330000000012
746,亿,0.00017,56.16030000000012
747,作用,0.00017,56.177300000000116
748,几乎,0.00017,56.19430000000012
749,分钟,0.00017,56.21130000000012
750,十分,0.00017,56.22830000000012
751,哦,0.00017,56.24530000000012
752,回来,0.00017,56.262300000000124
753,意义,0.00017,56.27930000000012
754,报,0.00017,56.29630000000012
755,文章,0.00017,56.31330000000012
756,生命,0.00017,56.33030000000012
757,男,0.00017,56.347300000000125
758,若,0.00017,56.36430000000012
759,跑,0.00017,56.381300000000124
760,靠,0.00017,56.39830000000012
761,面积,0.00017,56.41530000000012
762,亚洲,0.000166,56.43190000000013
763,加,0.000166,56.448500000000124
764,原来,0.000166,56.46510000000012
765,名字,0.000166,56.481700000000124
766,唯一,0.000166,56.49830000000012
767,少,0.000166,56.514900000000125
768,居民,0.000166,56.53150000000012
769,所谓,0.000166,56.548100000000126
770,拉,0.000166,56.56470000000012
771,曾经,0.000166,56.58130000000013
772,真是,0.000166,56.597900000000124
773,结合,0.000166,56.61450000000012
774,统一,0.000166,56.631100000000124
775,而是,0.000166,56.64770000000012
776,肯定,0.000166,56.664300000000125
777,队,0.000166,56.68090000000012
778,c,0.000162,56.69710000000012
779,com,0.000162,56.713300000000125
780,三个,0.000162,56.72950000000012
781,且,0.000162,56.74570000000012
782,人士,0.000162,56.76190000000012
783,低,0.000162,56.77810000000012
784,军队,0.000162,56.79430000000012
785,大陆,0.000162,56.81050000000012
786,官员,0.000162,56.826700000000116
787,引起,0.000162,56.84290000000012
788,拍,0.000162,56.85910000000012
789,放,0.000162,56.87530000000012
790,明显,0.000162,56.891500000000114
791,现场,0.000162,56.90770000000012
792,现象,0.000162,56.92390000000012
793,目的,0.000162,56.940100000000115
794,确实,0.000162,56.95630000000011
795,稳定,0.000162,56.97250000000012
796,系,0.000162,56.988700000000115
797,重新,0.000162,57.00490000000011
798,门,0.000162,57.02110000000011
799,加强,0.000158,57.03690000000011
800,完,0.000158,57.052700000000115
801,式,0.000158,57.068500000000114
802,强调,0.000158,57.08430000000011
803,总是,0.000158,57.10010000000011
804,教师,0.000158,57.11590000000011
805,模式,0.000158,57.13170000000011
806,死亡,0.000158,57.14750000000011
807,穿,0.000158,57.163300000000106
808,笑,0.000158,57.179100000000105
809,职业,0.000158,57.1949000000001
810,联合,0.000158,57.2107000000001
811,西,0.000158,57.2265000000001
812,西方,0.000158,57.2423000000001
813,近,0.000158,57.2581000000001
814,金,0.000158,57.2739000000001
815,也许,0.000155,57.2894000000001
816,军事,0.000155,57.3049000000001
817,宣传,0.000155,57.320400000000106
818,属,0.000155,57.33590000000011
819,带来,0.000155,57.351400000000105
820,平台,0.000155,57.36690000000011
821,强,0.000155,57.38240000000011
822,更加,0.000155,57.397900000000114
823,每天,0.000155,57.41340000000012
824,电子,0.000155,57.42890000000011
825,节目,0.000155,57.444400000000115
826,越,0.000155,57.45990000000012
827,选,0.000155,57.47540000000012
828,阅读,0.000155,57.490900000000124
829,难,0.000155,57.50640000000013
830,一年,0.000151,57.521500000000124
831,一条,0.000151,57.53660000000013
832,事实,0.000151,57.551700000000125
833,任,0.000151,57.56680000000013
834,公民,0.000151,57.58190000000013
835,办,0.000151,57.59700000000013
836,四,0.000151,57.61210000000013
837,实行,0.000151,57.62720000000014
838,小说,0.000151,57.642300000000134
839,张,0.000151,57.65740000000014
840,感到,0.000151,57.672500000000134
841,愿意,0.000151,57.68760000000014
842,抓,0.000151,57.70270000000014
843,有没有,0.000151,57.71780000000014
844,来源,0.000151,57.73290000000014
845,现代,0.000151,57.74800000000015
846,理解,0.000151,57.76310000000014
847,知识,0.000151,57.77820000000015
848,行业,0.000151,57.793300000000144
849,谈,0.000151,57.80840000000015
850,责任,0.000151,57.82350000000015
851,转,0.000151,57.83860000000015
852,长期,0.000151,57.85370000000015
853,飞机,0.000151,57.86880000000016
854,l,0.000148,57.88360000000016
855,下来,0.000148,57.89840000000016
856,东,0.000148,57.91320000000017
857,仅,0.000148,57.92800000000017
858,保持,0.000148,57.94280000000017
859,内部,0.000148,57.95760000000018
860,农民,0.000148,57.97240000000018
861,减少,0.000148,57.987200000000186
862,动,0.000148,58.00200000000019
863,卖,0.000148,58.01680000000019
864,失去,0.000148,58.031600000000196
865,女孩,0.000148,58.0464000000002
866,字,0.000148,58.0612000000002
867,帮,0.000148,58.07600000000021
868,形式,0.000148,58.09080000000021
869,报道,0.000148,58.105600000000216
870,攻击,0.000148,58.12040000000022
871,最好,0.000148,58.13520000000022
872,机场,0.000148,58.150000000000226
873,欢迎,0.000148,58.16480000000023
874,状态,0.000148,58.17960000000023
875,狗,0.000148,58.194400000000236
876,看见,0.000148,58.20920000000024
877,真实,0.000148,58.224000000000245
878,经历,0.000148,58.238800000000246
879,至少,0.000148,58.25360000000025
880,规模,0.000148,58.268400000000256
881,进一步,0.000148,58.28320000000026
882,错误,0.000148,58.29800000000026
883,黑,0.000148,58.312800000000266
884,交易,0.000145,58.32730000000026
885,仍然,0.000145,58.341800000000255
886,动物,0.000145,58.356300000000246
887,反应,0.000145,58.370800000000244
888,只能,0.000145,58.38530000000024
889,届,0.000145,58.39980000000023
890,思想,0.000145,58.41430000000023
891,承认,0.000145,58.42880000000022
892,担心,0.000145,58.44330000000022
893,早,0.000145,58.45780000000021
894,此外,0.000145,58.47230000000021
895,清楚,0.000145,58.48680000000021
896,相,0.000145,58.5013000000002
897,积极,0.000145,58.5158000000002
898,经常,0.000145,58.53030000000019
899,经营,0.000145,58.54480000000019
900,绝对,0.000145,58.55930000000018
901,花,0.000145,58.573800000000176
902,苏联,0.000145,58.588300000000174
903,谢谢,0.000145,58.602800000000165
904,身体,0.000145,58.617300000000164
905,那样,0.000145,58.631800000000155
906,部,0.000145,58.64630000000015
907,采取,0.000145,58.660800000000144
908,黄,0.000145,58.67530000000014
909,一名,0.000141,58.689400000000134
910,不想,0.000141,58.70350000000013
911,主,0.000141,58.717600000000125
912,体育,0.000141,58.73170000000012
913,农村,0.000141,58.745800000000116
914,分享,0.000141,58.75990000000011
915,到底,0.000141,58.7740000000001
916,同意,0.000141,58.7881000000001
917,和平,0.000141,58.80220000000009
918,好像,0.000141,58.81630000000009
919,子,0.000141,58.83040000000008
920,尤其,0.000141,58.844500000000075
921,尽管,0.000141,58.858600000000074
922,方案,0.000141,58.872700000000066
923,段,0.000141,58.886800000000065
924,每年,0.000141,58.90090000000006
925,第一次,0.000141,58.91500000000005
926,观点,0.000141,58.92910000000005
927,青年,0.000141,58.94320000000004
928,件,0.000138,58.957000000000036
929,信,0.000138,58.97080000000003
930,公布,0.000138,58.98460000000003
931,关,0.000138,58.99840000000003
932,创新,0.000138,59.01220000000003
933,创造,0.000138,59.026000000000025
934,协议,0.000138,59.03980000000002
935,即使,0.000138,59.05360000000002
936,在于,0.000138,59.06740000000001
937,外国,0.000138,59.08120000000001
938,她们,0.000138,59.095000000000006
939,工具,0.000138,59.1088
940,总理,0.000138,59.122600000000006
941,提,0.000138,59.1364
942,无论,0.000138,59.1502
943,晚上,0.000138,59.163999999999994
944,正常,0.000138,59.17779999999999
945,算,0.000138,59.19159999999999
946,类似,0.000138,59.20539999999998
947,设立,0.000138,59.21919999999999
948,资金,0.000138,59.23299999999998
949,限制,0.000138,59.24679999999998
950,一场,0.000135,59.26029999999998
951,不再,0.000135,59.27379999999998
952,五,0.000135,59.28729999999997
953,交通,0.000135,59.300799999999974
954,令,0.000135,59.314299999999974
955,利益,0.000135,59.327799999999975
956,制作,0.000135,59.341299999999976
957,加拿大,0.000135,59.354799999999976
958,压力,0.000135,59.36829999999998
959,宪法,0.000135,59.38179999999997
960,方向,0.000135,59.39529999999997
961,有点,0.000135,59.40879999999997
962,电脑,0.000135,59.42229999999997
963,破坏,0.000135,59.43579999999997
964,突然,0.000135,59.44929999999997
965,管,0.000135,59.46279999999997
966,规律,0.000135,59.47629999999997
967,说话,0.000135,59.489799999999974
968,部长,0.000135,59.50329999999997
969,金融,0.000135,59.51679999999997
970,错,0.000135,59.53029999999997
971,需,0.000135,59.54379999999997
972,不了,0.000132,59.556999999999974
973,不错,0.000132,59.57019999999997
974,中共,0.000132,59.583399999999976
975,主任,0.000132,59.59659999999998
976,举办,0.000132,59.60979999999998
977,交流,0.000132,59.62299999999998
978,作者,0.000132,59.63619999999998
979,刚,0.000132,59.649399999999986
980,制造,0.000132,59.66259999999999
981,医疗,0.000132,59.67579999999999
982,原则,0.000132,59.68899999999999
983,同志,0.000132,59.70219999999999
984,团体,0.000132,59.715399999999995
985,委员,0.000132,59.7286
986,宗教,0.000132,59.7418
987,意识,0.000132,59.755
988,正确,0.000132,59.76820000000001
989,版本,0.000132,59.781400000000005
990,看来,0.000132,59.79460000000001
991,训练,0.000132,59.807800000000015
992,远,0.000132,59.82100000000001
993,逐渐,0.000132,59.83420000000002
994,销售,0.000132,59.847400000000015
995,附近,0.000132,59.86060000000002
996,不少,0.000129,59.87350000000002
997,人数,0.000129,59.88640000000003
998,儿童,0.000129,59.89930000000003
999,允许,0.000129,59.91220000000004
1000,出版,0.000129,59.92510000000004
1001,嘛,0.000129,59.938000000000045
1002,回到,0.000129,59.950900000000054
1003,国务院,0.000129,59.963800000000056
1004,失败,0.000129,59.97670000000006
1005,快乐,0.000129,59.98960000000007
1006,战略,0.000129,60.00250000000007
1007,推动,0.000129,60.01540000000007
1008,教授,0.000129,60.02830000000008
1009,有效,0.000129,60.04120000000008
1010,王,0.000129,60.05410000000009
1011,程度,0.000129,60.06700000000009
1012,编辑,0.000129,60.079900000000094
1013,联盟,0.000129,60.0928000000001
1014,质量,0.000129,60.105700000000105
1015,资本,0.000129,60.118600000000114
1016,还要,0.000129,60.131500000000116
1017,重,0.000129,60.14440000000012
1018,阶段,0.000129,60.15730000000013
1019,面,0.000129,60.17020000000013
1020,业务,0.000126,60.18280000000013
1021,今日,0.000126,60.19540000000012
1022,体系,0.000126,60.20800000000012
1023,倒,0.000126,60.22060000000011
1024,全面,0.000126,60.23320000000011
1025,协会,0.000126,60.2458000000001
1026,双方,0.000126,60.2584000000001
1027,困难,0.000126,60.2710000000001
1028,城,0.000126,60.28360000000009
1029,广告,0.000126,60.29620000000009
1030,态度,0.000126,60.30880000000008
1031,政权,0.000126,60.32140000000008
1032,数,0.000126,60.334000000000074
1033,数字,0.000126,60.34660000000007
1034,检查,0.000126,60.359200000000065
1035,武器,0.000126,60.371800000000064
1036,水平,0.000126,60.38440000000006
1037,状况,0.000126,60.397000000000055
1038,申请,0.000126,60.409600000000054
1039,神,0.000126,60.422200000000046
1040,第二,0.000126,60.434800000000045
1041,设,0.000126,60.44740000000004
1042,调整,0.000126,60.460000000000036
1043,购买,0.000126,60.47260000000003
1044,身上,0.000126,60.48520000000003
1045,需求,0.000126,60.497800000000026
1046,首先,0.000126,60.51040000000002
1047,n,0.000123,60.522700000000015
1048,几,0.000123,60.53500000000002
1049,危险,0.000123,60.547300000000014
1050,员,0.000123,60.55960000000001
1051,商业,0.000123,60.571900000000014
1052,团,0.000123,60.58420000000001
1053,大会,0.000123,60.596500000000006
1054,妇女,0.000123,60.60880000000001
1055,左右,0.000123,60.621100000000006
1056,广场,0.000123,60.6334
1057,拒绝,0.000123,60.645700000000005
1058,既,0.000123,60.658
1059,权,0.000123,60.6703
1060,求,0.000123,60.6826
1061,治疗,0.000123,60.6949
1062,现实,0.000123,60.70719999999999
1063,监督,0.000123,60.7195
1064,网址,0.000123,60.73179999999999
1065,规划,0.000123,60.74409999999999
1066,速度,0.000123,60.756399999999985
1067,针对,0.000123,60.76869999999999
1068,面对,0.000123,60.780999999999985
1069,主题,0.00012,60.792999999999985
1070,事业,0.00012,60.804999999999986
1071,作家,0.00012,60.816999999999986
1072,入,0.00012,60.828999999999986
1073,再次,0.00012,60.84099999999999
1074,创作,0.00012,60.85299999999999
1075,及其,0.00012,60.864999999999995
1076,发行,0.00012,60.876999999999995
1077,召开,0.00012,60.888999999999996
1078,国外,0.00012,60.900999999999996
1079,多年,0.00012,60.913
1080,平均,0.00012,60.925
1081,广州,0.00012,60.937
1082,数量,0.00012,60.949
1083,文件,0.00012,60.961
1084,明天,0.00012,60.973
1085,群,0.00012,60.985
1086,评论,0.00012,60.997
1087,软件,0.00012,61.009
1088,通常,0.00012,61.021
1089,逼,0.00012,61.033
1090,部队,0.00012,61.045
1091,铁路,0.00012,61.057
1092,镇,0.00012,61.06900000000001
1093,难道,0.00012,61.08100000000001
1094,不用,0.000117,61.09270000000001
1095,不管,0.000117,61.10440000000001
1096,乡,0.000117,61.11610000000002
1097,似乎,0.000117,61.12780000000002
1098,兄弟,0.000117,61.13950000000003
1099,公里,0.000117,61.15120000000003
1100,具体,0.000117,61.16290000000003
1101,办公室,0.000117,61.174600000000034
1102,呀,0.000117,61.18630000000004
1103,头,0.000117,61.19800000000004
1104,妻子,0.000117,61.20970000000005
1105,实在,0.000117,61.221400000000045
1106,年轻,0.000117,61.23310000000005
1107,开展,0.000117,61.244800000000055
1108,律师,0.000117,61.25650000000006
1109,战斗,0.000117,61.268200000000064
1110,放弃,0.000117,61.27990000000006
1111,教,0.000117,61.29160000000007
1112,父母,0.000117,61.30330000000007
1113,现,0.000117,61.315000000000076
1114,称为,0.000117,61.32670000000008
1115,组,0.000117,61.33840000000008
1116,英语,0.000117,61.35010000000008
1117,获,0.000117,61.36180000000009
1118,角色,0.000117,61.37350000000009
1119,记得,0.000117,61.3852000000001
1120,越来越,0.000117,61.3969000000001
1121,过来,0.000117,61.4086000000001
1122,重大,0.000117,61.420300000000104
1123,o,0.000115,61.4318000000001
1124,于是,0.000115,61.4433000000001
1125,人权,0.000115,61.4548000000001
1126,促进,0.000115,61.466300000000096
1127,关心,0.000115,61.477800000000094
1128,其它,0.000115,61.48930000000009
1129,前往,0.000115,61.50080000000009
1130,医生,0.000115,61.51230000000009
1131,南,0.000115,61.52380000000009
1132,各国,0.000115,61.535300000000085
1133,各地,0.000115,61.546800000000076
1134,回家,0.000115,61.558300000000074
1135,奖,0.000115,61.56980000000007
1136,广泛,0.000115,61.58130000000007
1137,德,0.000115,61.59280000000007
1138,感谢,0.000115,61.604300000000066
1139,直到,0.000115,61.615800000000064
1140,相同,0.000115,61.62730000000006
1141,维护,0.000115,61.63880000000006
1142,论坛,0.000115,61.65030000000006
1143,道路,0.000115,61.661800000000056
1144,停止,0.000112,61.67300000000006
1145,先进,0.000112,61.684200000000054
1146,公共,0.000112,61.695400000000056
1147,共产党,0.000112,61.70660000000006
1148,危机,0.000112,61.717800000000054
1149,去年,0.000112,61.729000000000056
1150,取消,0.000112,61.74020000000006
1151,地位,0.000112,61.751400000000054
1152,基地,0.000112,61.762600000000056
1153,多数,0.000112,61.77380000000006
1154,定,0.000112,61.78500000000005
1155,寻找,0.000112,61.796200000000056
1156,工人,0.000112,61.80740000000006
1157,广东,0.000112,61.81860000000006
1158,影片,0.000112,61.829800000000056
1159,懂,0.000112,61.84100000000006
1160,成绩,0.000112,61.85220000000006
1161,批评,0.000112,61.863400000000055
1162,担任,0.000112,61.87460000000006
1163,按照,0.000112,61.88580000000006
1164,改善,0.000112,61.897000000000055
1165,效果,0.000112,61.90820000000006
1166,文学,0.000112,61.91940000000006
1167,更新,0.000112,61.930600000000055
1168,有限公司,0.000112,61.94180000000006
1169,机,0.000112,61.95300000000006
1170,毕业,0.000112,61.964200000000055
1171,统计,0.000112,61.97540000000006
1172,脸,0.000112,61.98660000000006
1173,读,0.000112,61.997800000000055
1174,集,0.000112,62.00900000000006
1175,风险,0.000112,62.02020000000006
1176,下载,0.00011,62.03120000000006
1177,丰富,0.00011,62.04220000000007
1178,为何,0.00011,62.053200000000075
1179,位置,0.00011,62.06420000000008
1180,值得,0.00011,62.07520000000009
1181,假,0.00011,62.08620000000009
1182,变得,0.00011,62.0972000000001
1183,回答,0.00011,62.1082000000001
1184,威胁,0.00011,62.119200000000106
1185,州,0.00011,62.130200000000116
1186,常,0.00011,62.14120000000012
1187,必要,0.00011,62.15220000000012
1188,恢复,0.00011,62.16320000000013
1189,或许,0.00011,62.174200000000134
1190,推出,0.00011,62.18520000000014
1191,朝鲜,0.00011,62.19620000000015
1192,电,0.00011,62.20720000000015
1193,统治,0.00011,62.21820000000016
1194,胜利,0.00011,62.22920000000016
1195,设置,0.00011,62.240200000000165
1196,随着,0.00011,62.251200000000175
1197,p,0.000107,62.26190000000017
1198,to,0.000107,62.27260000000017
1199,一家,0.000107,62.28330000000016
1200,一部分,0.000107,62.29400000000016
1201,主张,0.000107,62.30470000000016
1202,伟大,0.000107,62.31540000000015
1203,团队,0.000107,62.32610000000015
1204,安排,0.000107,62.336800000000146
1205,怎么办,0.000107,62.347500000000146
1206,我要,0.000107,62.35820000000014
1207,换,0.000107,62.36890000000014
1208,收入,0.000107,62.37960000000014
1209,改,0.000107,62.39030000000013
1210,是因为,0.000107,62.40100000000013
1211,普通,0.000107,62.411700000000124
1212,有时,0.000107,62.422400000000124
1213,本来,0.000107,62.43310000000012
1214,本身,0.000107,62.44380000000012
1215,毛泽东,0.000107,62.45450000000011
1216,活,0.000107,62.46520000000011
1217,特,0.000107,62.47590000000011
1218,规则,0.000107,62.4866000000001
1219,贸易,0.000107,62.4973000000001
1220,这位,0.000107,62.508000000000095
1221,面临,0.000107,62.518700000000095
1222,项,0.000107,62.52940000000009
1223,d,0.000105,62.539900000000095
1224,一张,0.000105,62.550400000000096
1225,依据,0.000105,62.560900000000096
1226,关键,0.000105,62.5714000000001
1227,劳动,0.000105,62.581900000000104
1228,发出,0.000105,62.592400000000104
1229,合法,0.000105,62.602900000000105
1230,听到,0.000105,62.613400000000105
1231,妈,0.000105,62.62390000000011
1232,往,0.000105,62.63440000000011
1233,成长,0.000105,62.64490000000011
1234,扩大,0.000105,62.655400000000114
1235,推荐,0.000105,62.66590000000012
1236,样子,0.000105,62.67640000000012
1237,漂亮,0.000105,62.68690000000012
1238,相对,0.000105,62.69740000000012
1239,离,0.000105,62.70790000000013
1240,秘密,0.000105,62.71840000000013
1241,程序,0.000105,62.72890000000013
1242,运用,0.000105,62.73940000000013
1243,适合,0.000105,62.74990000000014
1244,避免,0.000105,62.76040000000014
1245,链接,0.000105,62.77090000000014
1246,下午,0.000102,62.781100000000144
1247,下去,0.000102,62.79130000000015
1248,不可,0.000102,62.80150000000015
1249,不够,0.000102,62.81170000000016
1250,习惯,0.000102,62.82190000000016
1251,书记,0.000102,62.83210000000017
1252,亚,0.000102,62.84230000000017
1253,传,0.000102,62.85250000000018
1254,公众,0.000102,62.86270000000018
1255,公园,0.000102,62.872900000000186
1256,分布,0.000102,62.88310000000019
1257,地球,0.000102,62.893300000000195
1258,坐,0.000102,62.9035000000002
1259,大型,0.000102,62.913700000000205
1260,巨大,0.000102,62.92390000000021
1261,干部,0.000102,62.934100000000214
1262,快速,0.000102,62.94430000000022
1263,敌人,0.000102,62.95450000000022
1264,旧,0.000102,62.96470000000023
1265,梦,0.000102,62.97490000000023
1266,民众,0.000102,62.98510000000024
1267,特色,0.000102,62.99530000000024
1268,男子,0.000102,63.00550000000025
1269,背景,0.000102,63.01570000000025
1270,著名,0.000102,63.025900000000256
1271,见到,0.000102,63.03610000000026
1272,认真,0.000102,63.046300000000265
1273,身份,0.000102,63.05650000000027
1274,通知,0.000102,63.066700000000274
1275,h,0.0001,63.07670000000027
1276,专门,0.0001,63.08670000000027
1277,中学,0.0001,63.09670000000027
1278,云,0.0001,63.106700000000274
1279,互联网,0.0001,63.11670000000027
1280,体,0.0001,63.12670000000027
1281,体现,0.0001,63.13670000000027
1282,兴趣,0.0001,63.146700000000266
1283,几天,0.0001,63.156700000000264
1284,卡,0.0001,63.16670000000026
1285,喝,0.0001,63.17670000000027
1286,复杂,0.0001,63.186700000000265
1287,女子,0.0001,63.19670000000026
1288,对方,0.0001,63.20670000000026
1289,少数,0.0001,63.21670000000026
1290,打开,0.0001,63.22670000000026
1291,指导,0.0001,63.236700000000255
1292,明确,0.0001,63.24670000000025
1293,来到,0.0001,63.25670000000025
1294,比如,0.0001,63.266700000000256
1295,法院,0.0001,63.276700000000254
1296,犯罪,0.0001,63.28670000000025
1297,理由,0.0001,63.29670000000025
1298,结婚,0.0001,63.30670000000025
1299,缺乏,0.0001,63.316700000000246
1300,联合国,0.0001,63.326700000000244
1301,苹果,0.0001,63.33670000000025
1302,著,0.0001,63.34670000000025
1303,表演,0.0001,63.356700000000245
1304,计算,0.0001,63.36670000000024
1305,货币,0.0001,63.37670000000024
1306,赢,0.0001,63.38670000000024
1307,邀请,0.0001,63.39670000000024
1308,随,0.0001,63.406700000000235
1309,高兴,0.0001,63.41670000000023
1310,for,9.77e-05,63.426470000000236
1311,不得,9.77e-05,63.43624000000023
1312,争取,9.77e-05,63.44601000000023
1313,传播,9.77e-05,63.45578000000023
1314,体制,9.77e-05,63.46555000000023
1315,值,9.77e-05,63.475320000000224
1316,单,9.77e-05,63.48509000000022
1317,南京,9.77e-05,63.494860000000216
1318,否则,9.77e-05,63.50463000000022
1319,周,9.77e-05,63.514400000000215
1320,基金,9.77e-05,63.52417000000021
1321,学者,9.77e-05,63.533940000000214
1322,山,9.77e-05,63.54371000000021
1323,度,9.77e-05,63.55348000000021
1324,很大,9.77e-05,63.5632500000002
1325,很快,9.77e-05,63.5730200000002
1326,我会,9.77e-05,63.5827900000002
1327,文,9.77e-05,63.5925600000002
1328,斯,9.77e-05,63.602330000000194
1329,杂志,9.77e-05,63.6121000000002
1330,材料,9.77e-05,63.62187000000019
1331,核心,9.77e-05,63.63164000000019
1332,满足,9.77e-05,63.641410000000185
1333,热,9.77e-05,63.65118000000018
1334,特殊,9.77e-05,63.660950000000184
1335,电视台,9.77e-05,63.67072000000018
1336,移民,9.77e-05,63.68049000000018
1337,类型,9.77e-05,63.69026000000018
1338,语,9.77e-05,63.700030000000176
1339,进步,9.77e-05,63.70980000000017
1340,连续,9.77e-05,63.71957000000017
1341,遭,9.77e-05,63.729340000000164
1342,鼓励,9.77e-05,63.73911000000017
1343,e,9.55e-05,63.74866000000017
1344,x,9.55e-05,63.75821000000017
1345,中华,9.55e-05,63.76776000000017
1346,久,9.55e-05,63.77731000000018
1347,人生,9.55e-05,63.786860000000175
1348,今,9.55e-05,63.79641000000018
1349,从事,9.55e-05,63.805960000000184
1350,优秀,9.55e-05,63.81551000000019
1351,刚刚,9.55e-05,63.82506000000019
1352,制定,9.55e-05,63.83461000000019
1353,北,9.55e-05,63.844160000000194
1354,双,9.55e-05,63.8537100000002
1355,史,9.55e-05,63.863260000000196
1356,员工,9.55e-05,63.8728100000002
1357,因素,9.55e-05,63.882360000000205
1358,家里,9.55e-05,63.89191000000021
1359,强烈,9.55e-05,63.90146000000021
1360,手段,9.55e-05,63.91101000000021
1361,挑战,9.55e-05,63.920560000000215
1362,推进,9.55e-05,63.93011000000022
1363,措施,9.55e-05,63.93966000000022
1364,整体,9.55e-05,63.94921000000022
1365,文明,9.55e-05,63.958760000000225
1366,明,9.55e-05,63.96831000000023
1367,显然,9.55e-05,63.977860000000234
1368,某,9.55e-05,63.98741000000023
1369,概念,9.55e-05,63.996960000000236
1370,特点,9.55e-05,64.00651000000023
1371,皆,9.55e-05,64.01606000000024
1372,看着,9.55e-05,64.02561000000024
1373,科,9.55e-05,64.03516000000025
1374,等等,9.55e-05,64.04471000000025
1375,纽约,9.55e-05,64.05426000000026
1376,美丽,9.55e-05,64.06381000000026
1377,老婆,9.55e-05,64.07336000000026
1378,老板,9.55e-05,64.08291000000025
1379,英文,9.55e-05,64.09246000000026
1380,警方,9.55e-05,64.10201000000026
1381,访问,9.55e-05,64.11156000000027
1382,评价,9.55e-05,64.12111000000027
1383,贡献,9.55e-05,64.13066000000028
1384,财产,9.55e-05,64.14021000000028
1385,距离,9.55e-05,64.14976000000027
1386,那种,9.55e-05,64.15931000000027
1387,重视,9.55e-05,64.16886000000028
1388,页,9.55e-05,64.17841000000028
1389,食品,9.55e-05,64.18796000000029
1390,不好,9.33e-05,64.19729000000028
1391,优势,9.33e-05,64.20662000000029
1392,伤害,9.33e-05,64.21595000000028
1393,保障,9.33e-05,64.22528000000027
1394,光,9.33e-05,64.23461000000027
1395,六,9.33e-05,64.24394000000026
1396,兼,9.33e-05,64.25327000000026
1397,出口,9.33e-05,64.26260000000026
1398,加上,9.33e-05,64.27193000000025
1399,半,9.33e-05,64.28126000000024
1400,博士,9.33e-05,64.29059000000025
1401,害怕,9.33e-05,64.29992000000024
1402,对象,9.33e-05,64.30925000000023
1403,尽,9.33e-05,64.31858000000024
1404,师,9.33e-05,64.32791000000023
1405,感受,9.33e-05,64.33724000000024
1406,投入,9.33e-05,64.34657000000023
1407,最佳,9.33e-05,64.35590000000022
1408,村,9.33e-05,64.36523000000022
1409,案,9.33e-05,64.37456000000022
1410,法规,9.33e-05,64.3838900000002
1411,漫画,9.33e-05,64.39322000000021
1412,物质,9.33e-05,64.4025500000002
1413,生物,9.33e-05,64.4118800000002
1414,移动,9.33e-05,64.4212100000002
1415,翻译,9.33e-05,64.43054000000019
1416,英雄,9.33e-05,64.43987000000018
1417,表达,9.33e-05,64.44920000000019
1418,设施,9.33e-05,64.45853000000018
1419,队伍,9.33e-05,64.46786000000017
1420,除,9.33e-05,64.47719000000018
1421,on,9.12e-05,64.48631000000017
1422,中文,9.12e-05,64.49543000000017
1423,人人,9.12e-05,64.50455000000017
1424,包,9.12e-05,64.51367000000016
1425,化,9.12e-05,64.52279000000016
1426,官,9.12e-05,64.53191000000015
1427,尔,9.12e-05,64.54103000000015
1428,开心,9.12e-05,64.55015000000014
1429,救,9.12e-05,64.55927000000014
1430,更好,9.12e-05,64.56839000000014
1431,最新,9.12e-05,64.57751000000013
1432,李,9.12e-05,64.58663000000013
1433,案件,9.12e-05,64.59575000000012
1434,男性,9.12e-05,64.60487000000012
1435,睡,9.12e-05,64.61399000000011
1436,福利,9.12e-05,64.62311000000011
1437,自动,9.12e-05,64.6322300000001
1438,街,9.12e-05,64.6413500000001
1439,证据,9.12e-05,64.6504700000001
1440,路线,9.12e-05,64.6595900000001
1441,身边,9.12e-05,64.66871000000009
1442,迅速,9.12e-05,64.67783000000009
1443,遇到,9.12e-05,64.68695000000008
1444,高级,9.12e-05,64.69607000000008
1445,一件,8.91e-05,64.70498000000006
1446,一段,8.91e-05,64.71389000000006
1447,万元,8.91e-05,64.72280000000006
1448,主义,8.91e-05,64.73171000000005
1449,享受,8.91e-05,64.74062000000005
1450,人才,8.91e-05,64.74953000000005
1451,亿元,8.91e-05,64.75844000000004
1452,从而,8.91e-05,64.76735000000004
1453,估计,8.91e-05,64.77626000000004
1454,克,8.91e-05,64.78517000000002
1455,冲突,8.91e-05,64.79408000000002
1456,初,8.91e-05,64.80299000000002
1457,卷,8.91e-05,64.81190000000001
1458,发挥,8.91e-05,64.82081000000001
1459,受伤,8.91e-05,64.82972000000001
1460,命令,8.91e-05,64.83863
1461,哪个,8.91e-05,64.84754
1462,商品,8.91e-05,64.85644999999998
1463,国民,8.91e-05,64.86535999999998
1464,国民党,8.91e-05,64.87426999999998
1465,块,8.91e-05,64.88317999999997
1466,境内,8.91e-05,64.89208999999997
1467,大部分,8.91e-05,64.90099999999997
1468,学会,8.91e-05,64.90990999999995
1469,当年,8.91e-05,64.91881999999995
1470,怕,8.91e-05,64.92772999999995
1471,文字,8.91e-05,64.93663999999994
1472,格,8.91e-05,64.94554999999994
1473,海外,8.91e-05,64.95445999999994
1474,消费,8.91e-05,64.96336999999993
1475,眼睛,8.91e-05,64.97227999999993
1476,红,8.91e-05,64.98118999999993
1477,网友,8.91e-05,64.99009999999991
1478,至今,8.91e-05,64.99900999999991
1479,西班牙,8.91e-05,65.00791999999991
1480,言,8.91e-05,65.0168299999999
1481,词,8.91e-05,65.0257399999999
1482,课程,8.91e-05,65.0346499999999
1483,资格,8.91e-05,65.04355999999989
1484,超级,8.91e-05,65.05246999999989
1485,阿,8.91e-05,65.06137999999989
1486,难以,8.91e-05,65.07028999999987
1487,首次,8.91e-05,65.07919999999987
1488,驻,8.91e-05,65.08810999999987
1489,之中,8.71e-05,65.09681999999987
1490,产,8.71e-05,65.10552999999987
1491,修改,8.71e-05,65.11423999999987
1492,培训,8.71e-05,65.12294999999988
1493,如今,8.71e-05,65.13165999999987
1494,山东,8.71e-05,65.14036999999988
1495,差,8.71e-05,65.14907999999987
1496,帝国,8.71e-05,65.15778999999988
1497,打击,8.71e-05,65.16649999999987
1498,推广,8.71e-05,65.17520999999988
1499,提升,8.71e-05,65.18391999999987
1500,新加坡,8.71e-05,65.19262999999988
1501,机制,8.71e-05,65.20133999999987
1502,机器,8.71e-05,65.21004999999988
1503,爆发,8.71e-05,65.21875999999988
1504,留下,8.71e-05,65.22746999999988
1505,社会主义,8.71e-05,65.23617999999988
1506,竞争,8.71e-05,65.24488999999988
1507,第一个,8.71e-05,65.25359999999988
1508,紧张,8.71e-05,65.26230999999989
1509,纪念,8.71e-05,65.27101999999988
1510,自身,8.71e-05,65.27972999999989
1511,论,8.71e-05,65.28843999999988
1512,超,8.71e-05,65.29714999999989
1513,运行,8.71e-05,65.30585999999988
1514,陈,8.71e-05,65.31456999999989
1515,集中,8.71e-05,65.32327999999988
1516,面前,8.71e-05,65.33198999999989
1517,风,8.71e-05,65.34069999999988
1518,食物,8.71e-05,65.34940999999989
1519,不知,8.51e-05,65.35791999999988
1520,不足,8.51e-05,65.36642999999988
1521,东京,8.51e-05,65.37493999999987
1522,东北,8.51e-05,65.38344999999987
1523,事务,8.51e-05,65.39195999999986
1524,份,8.51e-05,65.40046999999986
1525,充满,8.51e-05,65.40897999999984
1526,出去,8.51e-05,65.41748999999984
1527,区别,8.51e-05,65.42599999999985
1528,反映,8.51e-05,65.43450999999983
1529,名称,8.51e-05,65.44301999999983
1530,吸引,8.51e-05,65.45152999999982
1531,哥哥,8.51e-05,65.46003999999982
1532,坏,8.51e-05,65.46854999999981
1533,处于,8.51e-05,65.47705999999981
1534,娱乐,8.51e-05,65.48556999999981
1535,实验,8.51e-05,65.4940799999998
1536,家人,8.51e-05,65.5025899999998
1537,展开,8.51e-05,65.51109999999979
1538,形象,8.51e-05,65.51960999999979
1539,战,8.51e-05,65.52811999999977
1540,打算,8.51e-05,65.53662999999978
1541,掉,8.51e-05,65.54513999999976
1542,接,8.51e-05,65.55364999999976
1543,支付,8.51e-05,65.56215999999976
1544,收到,8.51e-05,65.57066999999975
1545,教学,8.51e-05,65.57917999999975
1546,斗争,8.51e-05,65.58768999999974
1547,昨天,8.51e-05,65.59619999999974
1548,机械,8.51e-05,65.60470999999973
1549,极,8.51e-05,65.61321999999973
1550,查,8.51e-05,65.62172999999973
1551,澳门,8.51e-05,65.63023999999972
1552,用于,8.51e-05,65.63874999999972
1553,画,8.51e-05,65.6472599999997
1554,符合,8.51e-05,65.6557699999997
1555,粮食,8.51e-05,65.66427999999969
1556,给予,8.51e-05,65.6727899999997
1557,维持,8.51e-05,65.68129999999968
1558,节,8.51e-05,65.68980999999968
1559,观众,8.51e-05,65.69831999999968
1560,贴,8.51e-05,65.70682999999967
1561,这件,8.51e-05,65.71533999999967
1562,非洲,8.51e-05,65.72384999999966
1563,r,8.32e-05,65.73216999999966
1564,上面,8.32e-05,65.74048999999965
1565,两年,8.32e-05,65.74880999999965
1566,发动,8.32e-05,65.75712999999965
1567,口,8.32e-05,65.76544999999963
1568,合,8.32e-05,65.77376999999963
1569,同学,8.32e-05,65.78208999999963
1570,团结,8.32e-05,65.79040999999962
1571,天津,8.32e-05,65.79872999999962
1572,好好,8.32e-05,65.8070499999996
1573,安,8.32e-05,65.8153699999996
1574,实际上,8.32e-05,65.8236899999996
1575,客户,8.32e-05,65.8320099999996
1576,小学,8.32e-05,65.8403299999996
1577,强大,8.32e-05,65.84864999999958
1578,彻底,8.32e-05,65.85696999999958
1579,待,8.32e-05,65.86528999999958
1580,想到,8.32e-05,65.87360999999957
1581,批准,8.32e-05,65.88192999999957
1582,早上,8.32e-05,65.89024999999957
1583,枪,8.32e-05,65.89856999999955
1584,武汉,8.32e-05,65.90688999999955
1585,比例,8.32e-05,65.91520999999955
1586,生态,8.32e-05,65.92352999999954
1587,观察,8.32e-05,65.93184999999954
1588,规范,8.32e-05,65.94016999999953
1589,运输,8.32e-05,65.94848999999952
1590,量,8.32e-05,65.95680999999952
1591,降低,8.32e-05,65.96512999999952
1592,非法,8.32e-05,65.97344999999952
1593,风格,8.32e-05,65.9817699999995
1594,中华人民共和国,8.13e-05,65.98989999999951
1595,使得,8.13e-05,65.9980299999995
1596,出发,8.13e-05,66.0061599999995
1597,取,8.13e-05,66.01428999999949
1598,各个,8.13e-05,66.02241999999949
1599,各位,8.13e-05,66.03054999999948
1600,听说,8.13e-05,66.03867999999947
1601,培养,8.13e-05,66.04680999999947
1602,天下,8.13e-05,66.05493999999946
1603,完美,8.13e-05,66.06306999999946
1604,并非,8.13e-05,66.07119999999945
1605,心里,8.13e-05,66.07932999999944
1606,怀疑,8.13e-05,66.08745999999944
1607,性质,8.13e-05,66.09558999999943
1608,想法,8.13e-05,66.10371999999943
1609,成本,8.13e-05,66.11184999999942
1610,描述,8.13e-05,66.11997999999943
1611,操,8.13e-05,66.12810999999942
1612,操作,8.13e-05,66.13623999999942
1613,方,8.13e-05,66.14436999999941
1614,正是,8.13e-05,66.1524999999994
1615,注册,8.13e-05,66.1606299999994
1616,测试,8.13e-05,66.1687599999994
1617,私人,8.13e-05,66.17688999999939
1618,网上,8.13e-05,66.18501999999938
1619,考试,8.13e-05,66.19314999999938
1620,而已,8.13e-05,66.20127999999937
1621,议员,8.13e-05,66.20940999999937
1622,资产,8.13e-05,66.21753999999936
1623,一旦,7.94e-05,66.22547999999937
1624,一项,7.94e-05,66.23341999999936
1625,从来,7.94e-05,66.24135999999935
1626,升级,7.94e-05,66.24929999999935
1627,大约,7.94e-05,66.25723999999934
1628,完整,7.94e-05,66.26517999999933
1629,审查,7.94e-05,66.27311999999932
1630,就业,7.94e-05,66.28105999999933
1631,情绪,7.94e-05,66.28899999999932
1632,投,7.94e-05,66.29693999999931
1633,挂,7.94e-05,66.30487999999932
1634,消失,7.94e-05,66.3128199999993
1635,深圳,7.94e-05,66.3207599999993
1636,游行,7.94e-05,66.3286999999993
1637,白,7.94e-05,66.33663999999929
1638,直播,7.94e-05,66.34457999999928
1639,确保,7.94e-05,66.35251999999929
1640,禁止,7.94e-05,66.36045999999928
1641,良好,7.94e-05,66.36839999999927
1642,衣服,7.94e-05,66.37633999999927
1643,表,7.94e-05,66.38427999999926
1644,领,7.94e-05,66.39221999999926
1645,领导人,7.94e-05,66.40015999999925
1646,骗,7.94e-05,66.40809999999925
1647,一步,7.76e-05,66.41585999999926
1648,下面,7.76e-05,66.42361999999925
1649,东方,7.76e-05,66.43137999999925
1650,众多,7.76e-05,66.43913999999926
1651,依然,7.76e-05,66.44689999999926
1652,倍,7.76e-05,66.45465999999925
1653,公平,7.76e-05,66.46241999999926
1654,包含,7.76e-05,66.47017999999926
1655,卫生,7.76e-05,66.47793999999926
1656,国王,7.76e-05,66.48569999999926
1657,复,7.76e-05,66.49345999999926
1658,多么,7.76e-05,66.50121999999926
1659,太阳,7.76e-05,66.50897999999927
1660,实践,7.76e-05,66.51673999999926
1661,少女,7.76e-05,66.52449999999926
1662,工厂,7.76e-05,66.53225999999927
1663,建,7.76e-05,66.54001999999927
1664,心理,7.76e-05,66.54777999999926
1665,忘记,7.76e-05,66.55553999999927
1666,或是,7.76e-05,66.56329999999927
1667,投票,7.76e-05,66.57105999999928
1668,接触,7.76e-05,66.57881999999927
1669,放在,7.76e-05,66.58657999999927
1670,日子,7.76e-05,66.59433999999928
1671,构成,7.76e-05,66.60209999999928
1672,某些,7.76e-05,66.60985999999927
1673,毛,7.76e-05,66.61761999999928
1674,民间,7.76e-05,66.62537999999928
1675,注,7.76e-05,66.63313999999929
1676,清,7.76e-05,66.64089999999928
1677,爱情,7.76e-05,66.64865999999928
1678,特征,7.76e-05,66.65641999999929
1679,石油,7.76e-05,66.66417999999929
1680,立即,7.76e-05,66.67193999999928
1681,立法,7.76e-05,66.67969999999929
1682,自我,7.76e-05,66.68745999999929
1683,装,7.76e-05,66.6952199999993
1684,道德,7.76e-05,66.70297999999929
1685,高度,7.76e-05,66.71073999999929
1686,v,7.59e-05,66.7183299999993
1687,一边,7.59e-05,66.72591999999929
1688,三年,7.59e-05,66.7335099999993
1689,不敢,7.59e-05,66.74109999999929
1690,严格,7.59e-05,66.7486899999993
1691,几年,7.59e-05,66.75627999999931
1692,力,7.59e-05,66.7638699999993
1693,厂,7.59e-05,66.77145999999931
1694,大概,7.59e-05,66.7790499999993
1695,审判,7.59e-05,66.78663999999931
1696,尊重,7.59e-05,66.79422999999932
1697,小姐,7.59e-05,66.80181999999931
1698,少年,7.59e-05,66.80940999999932
1699,层,7.59e-05,66.81699999999931
1700,巴黎,7.59e-05,66.82458999999932
1701,平等,7.59e-05,66.83217999999933
1702,引发,7.59e-05,66.83976999999932
1703,当局,7.59e-05,66.84735999999933
1704,收,7.59e-05,66.85494999999932
1705,普遍,7.59e-05,66.86253999999933
1706,毕竟,7.59e-05,66.87012999999934
1707,爸爸,7.59e-05,66.87771999999933
1708,用来,7.59e-05,66.88530999999934
1709,监狱,7.59e-05,66.89289999999933
1710,联邦,7.59e-05,66.90048999999934
1711,说法,7.59e-05,66.90807999999933
1712,读者,7.59e-05,66.91566999999934
1713,费用,7.59e-05,66.92325999999935
1714,违法,7.59e-05,66.93084999999934
1715,酒店,7.59e-05,66.93843999999935
1716,代理,7.41e-05,66.94584999999934
1717,全世界,7.41e-05,66.95325999999933
1718,共有,7.41e-05,66.96066999999934
1719,关闭,7.41e-05,66.96807999999933
1720,冠军,7.41e-05,66.97548999999933
1721,出席,7.41e-05,66.98289999999932
1722,判断,7.41e-05,66.99030999999933
1723,势力,7.41e-05,66.99771999999932
1724,后面,7.41e-05,67.00512999999931
1725,品牌,7.41e-05,67.0125399999993
1726,导演,7.41e-05,67.01994999999931
1727,小组,7.41e-05,67.0273599999993
1728,就要,7.41e-05,67.0347699999993
1729,年度,7.41e-05,67.04217999999929
1730,广播,7.41e-05,67.0495899999993
1731,忙,7.41e-05,67.05699999999929
1732,拍摄,7.41e-05,67.06440999999928
1733,推,7.41e-05,67.07181999999928
1734,故,7.41e-05,67.07922999999928
1735,有个,7.41e-05,67.08663999999928
1736,正义,7.41e-05,67.09404999999927
1737,深,7.41e-05,67.10145999999926
1738,片,7.41e-05,67.10886999999927
1739,疯狂,7.41e-05,67.11627999999926
1740,病,7.41e-05,67.12368999999926
1741,趋势,7.41e-05,67.13109999999925
1742,足够,7.41e-05,67.13850999999926
1743,转移,7.41e-05,67.14591999999925
1744,追,7.41e-05,67.15332999999924
1745,预算,7.41e-05,67.16073999999924
1746,飞,7.41e-05,67.16814999999924
1747,w,7.24e-05,67.17538999999924
1748,一份,7.24e-05,67.18262999999924
1749,一句,7.24e-05,67.18986999999923
1750,一部,7.24e-05,67.19710999999923
1751,乱,7.24e-05,67.20434999999922
1752,任何人,7.24e-05,67.21158999999922
1753,作出,7.24e-05,67.21882999999922
1754,做出,7.24e-05,67.22606999999921
1755,分类,7.24e-05,67.23330999999921
1756,动作,7.24e-05,67.24054999999922
1757,协助,7.24e-05,67.24778999999921
1758,嗯,7.24e-05,67.25502999999921
1759,四个,7.24e-05,67.2622699999992
1760,城镇,7.24e-05,67.2695099999992
1761,多个,7.24e-05,67.2767499999992
1762,姐姐,7.24e-05,67.28398999999919
1763,家族,7.24e-05,67.29122999999919
1764,就算,7.24e-05,67.29846999999918
1765,市长,7.24e-05,67.30570999999918
1766,往往,7.24e-05,67.31294999999918
1767,抗议,7.24e-05,67.32018999999919
1768,损失,7.24e-05,67.32742999999918
1769,时刻,7.24e-05,67.33466999999918
1770,本人,7.24e-05,67.34190999999917
1771,来看,7.24e-05,67.34914999999917
1772,标志,7.24e-05,67.35638999999917
1773,梦想,7.24e-05,67.36362999999916
1774,海,7.24e-05,67.37086999999916
1775,班,7.24e-05,67.37810999999915
1776,痛苦,7.24e-05,67.38534999999915
1777,的确,7.24e-05,67.39258999999916
1778,短,7.24e-05,67.39982999999916
1779,确认,7.24e-05,67.40706999999915
1780,立场,7.24e-05,67.41430999999915
1781,网页,7.24e-05,67.42154999999914
1782,脚,7.24e-05,67.42878999999914
1783,进口,7.24e-05,67.43602999999914
1784,重庆,7.24e-05,67.44326999999913
1785,预测,7.24e-05,67.45050999999913
1786,频道,7.24e-05,67.45774999999912
1787,y,7.08e-05,67.46482999999913
1788,主动,7.08e-05,67.47190999999914
1789,之外,7.08e-05,67.47898999999914
1790,交,7.08e-05,67.48606999999915
1791,信号,7.08e-05,67.49314999999915
1792,像是,7.08e-05,67.50022999999915
1793,刚才,7.08e-05,67.50730999999915
1794,名单,7.08e-05,67.51438999999915
1795,地震,7.08e-05,67.52146999999916
1796,够,7.08e-05,67.52854999999917
1797,展示,7.08e-05,67.53562999999917
1798,岛,7.08e-05,67.54270999999918
1799,左,7.08e-05,67.54978999999918
1800,年龄,7.08e-05,67.55686999999918
1801,应当,7.08e-05,67.56394999999918
1802,当中,7.08e-05,67.57102999999918
1803,微信,7.08e-05,67.57810999999919
1804,成就,7.08e-05,67.5851899999992
1805,挺,7.08e-05,67.5922699999992
1806,接近,7.08e-05,67.5993499999992
1807,森林,7.08e-05,67.60642999999921
1808,江苏,7.08e-05,67.61350999999921
1809,涉及,7.08e-05,67.62058999999921
1810,演员,7.08e-05,67.62766999999921
1811,秒,7.08e-05,67.63474999999922
1812,罗,7.08e-05,67.64182999999923
1813,补充,7.08e-05,67.64890999999923
1814,记,7.08e-05,67.65598999999924
1815,贷款,7.08e-05,67.66306999999924
1816,遭到,7.08e-05,67.67014999999924
1817,阻止,7.08e-05,67.67722999999924
1818,龙,7.08e-05,67.68430999999924
1819,上帝,6.92e-05,67.69122999999925
1820,上述,6.92e-05,67.69814999999925
1821,临时,6.92e-05,67.70506999999924
1822,争议,6.92e-05,67.71198999999925
1823,人大,6.92e-05,67.71890999999924
1824,他人,6.92e-05,67.72582999999925
1825,供,6.92e-05,67.73274999999924
1826,冲,6.92e-05,67.73966999999924
1827,古代,6.92e-05,67.74658999999924
1828,命运,6.92e-05,67.75350999999924
1829,哭,6.92e-05,67.76042999999923
1830,因而,6.92e-05,67.76734999999924
1831,地图,6.92e-05,67.77426999999923
1832,地点,6.92e-05,67.78118999999924
1833,声明,6.92e-05,67.78810999999924
1834,多次,6.92e-05,67.79502999999923
1835,始终,6.92e-05,67.80194999999924
1836,实力,6.92e-05,67.80886999999923
1837,小孩,6.92e-05,67.81578999999923
1838,幸福,6.92e-05,67.82270999999923
1839,广大,6.92e-05,67.82962999999923
1840,敢,6.92e-05,67.83654999999924
1841,新疆,6.92e-05,67.84346999999923
1842,演出,6.92e-05,67.85038999999922
1843,澳洲,6.92e-05,67.85730999999923
1844,照顾,6.92e-05,67.86422999999922
1845,牛,6.92e-05,67.87114999999922
1846,百度,6.92e-05,67.87806999999923
1847,竟然,6.92e-05,67.88498999999922
1848,股份,6.92e-05,67.89190999999923
1849,西部,6.92e-05,67.89882999999922
1850,角度,6.92e-05,67.90574999999922
1851,试图,6.92e-05,67.91266999999922
1852,跳,6.92e-05,67.91958999999922
1853,采访,6.92e-05,67.92650999999921
1854,随后,6.92e-05,67.93342999999922
1855,颜色,6.92e-05,67.94034999999921
1856,馆,6.92e-05,67.94726999999922
1857,by,6.76e-05,67.95402999999921
1858,google,6.76e-05,67.96078999999921
1859,и,6.76e-05,67.96754999999919
1860,丈夫,6.76e-05,67.97430999999919
1861,不行,6.76e-05,67.98106999999919
1862,中间,6.76e-05,67.98782999999918
1863,交换,6.76e-05,67.99458999999918
1864,体验,6.76e-05,68.00134999999918
1865,做到,6.76e-05,68.00810999999916
1866,别的,6.76e-05,68.01486999999916
1867,参考,6.76e-05,68.02162999999915
1868,啥,6.76e-05,68.02838999999915
1869,基于,6.76e-05,68.03514999999915
1870,大多数,6.76e-05,68.04190999999913
1871,天天,6.76e-05,68.04866999999913
1872,实,6.76e-05,68.05542999999913
1873,局,6.76e-05,68.06218999999912
1874,巴西,6.76e-05,68.06894999999912
1875,店,6.76e-05,68.0757099999991
1876,忘,6.76e-05,68.0824699999991
1877,思考,6.76e-05,68.0892299999991
1878,恐怖,6.76e-05,68.09598999999909
1879,授权,6.76e-05,68.10274999999909
1880,播放,6.76e-05,68.10950999999909
1881,有趣,6.76e-05,68.11626999999908
1882,武装,6.76e-05,68.12302999999908
1883,照,6.76e-05,68.12978999999906
1884,爆炸,6.76e-05,68.13654999999906
1885,球,6.76e-05,68.14330999999906
1886,第三,6.76e-05,68.15006999999905
1887,等待,6.76e-05,68.15682999999905
1888,组合,6.76e-05,68.16358999999905
1889,经典,6.76e-05,68.17034999999903
1890,绿色,6.76e-05,68.17710999999903
1891,至于,6.76e-05,68.18386999999902
1892,计算机,6.76e-05,68.19062999999902
1893,议会,6.76e-05,68.19738999999902
1894,调,6.76e-05,68.204149999999
1895,财富,6.76e-05,68.210909999999
1896,越南,6.76e-05,68.217669999999
1897,适应,6.76e-05,68.22442999999899
1898,适当,6.76e-05,68.23118999999899
1899,g,6.61e-05,68.23779999999898
1900,http,6.61e-05,68.24440999999898
1901,一只,6.61e-05,68.25101999999897
1902,一群,6.61e-05,68.25762999999897
1903,义,6.61e-05,68.26423999999896
1904,事实上,6.61e-05,68.27084999999896
1905,儿,6.61e-05,68.27745999999895
1906,动力,6.61e-05,68.28406999999895
1907,南部,6.61e-05,68.29067999999894
1908,即将,6.61e-05,68.29728999999894
1909,周年,6.61e-05,68.30389999999895
1910,咱们,6.61e-05,68.31050999999894
1911,对待,6.61e-05,68.31711999999894
1912,尝试,6.61e-05,68.32372999999893
1913,居住,6.61e-05,68.33033999999893
1914,座,6.61e-05,68.33694999999892
1915,房子,6.61e-05,68.34355999999892
1916,报纸,6.61e-05,68.35016999999891
1917,指挥,6.61e-05,68.3567799999989
1918,方便,6.61e-05,68.3633899999989
1919,既然,6.61e-05,68.3699999999989
1920,楼,6.61e-05,68.37660999999889
1921,泰国,6.61e-05,68.38321999999889
1922,率,6.61e-05,68.38982999999888
1923,病毒,6.61e-05,68.39643999999888
1924,篇,6.61e-05,68.40304999999887
1925,视,6.61e-05,68.40965999999888
1926,象,6.61e-05,68.41626999999887
1927,赚,6.61e-05,68.42287999999887
1928,连结,6.61e-05,68.42948999999886
1929,通,6.61e-05,68.43609999999886
1930,配合,6.61e-05,68.44270999999885
1931,首都,6.61e-05,68.44931999999885
1932,黑人,6.61e-05,68.45592999999884
1933,七,6.46e-05,68.46238999999883
1934,上市,6.46e-05,68.46884999999884
1935,中国共产党,6.46e-05,68.47530999999883
1936,之下,6.46e-05,68.48176999999883
1937,互相,6.46e-05,68.48822999999882
1938,人民币,6.46e-05,68.49468999999883
1939,令人,6.46e-05,68.50114999999882
1940,会员,6.46e-05,68.50760999999882
1941,俱乐部,6.46e-05,68.51406999999881
1942,公路,6.46e-05,68.52052999999881
1943,出生,6.46e-05,68.5269899999988
1944,十年,6.46e-05,68.53344999999881
1945,司法,6.46e-05,68.5399099999988
1946,声,6.46e-05,68.5463699999988
1947,天气,6.46e-05,68.55282999999879
1948,完善,6.46e-05,68.5592899999988
1949,定义,6.46e-05,68.56574999999879
1950,家长,6.46e-05,68.57220999999879
1951,建造,6.46e-05,68.57866999999878
1952,当前,6.46e-05,68.58512999999878
1953,意外,6.46e-05,68.59158999999877
1954,感情,6.46e-05,68.59804999999878
1955,承诺,6.46e-05,68.60450999999877
1956,污染,6.46e-05,68.61096999999877
1957,没什么,6.46e-05,68.61742999999876
1958,疾病,6.46e-05,68.62388999999877
1959,究竟,6.46e-05,68.63034999999876
1960,答案,6.46e-05,68.63680999999876
1961,红色,6.46e-05,68.64326999999875
1962,肉,6.46e-05,68.64972999999875
1963,背后,6.46e-05,68.65618999999874
1964,能源,6.46e-05,68.66264999999875
1965,自杀,6.46e-05,68.66910999999874
1966,西藏,6.46e-05,68.67556999999874
1967,讲话,6.46e-05,68.68202999999873
1968,详细,6.46e-05,68.68848999999874
1969,轮,6.46e-05,68.69494999999873
1970,进去,6.46e-05,68.70140999999873
1971,领袖,6.46e-05,68.70786999999872
1972,马上,6.46e-05,68.71432999999872
1973,高中,6.46e-05,68.72078999999871
1974,鱼,6.46e-05,68.72724999999872
1975,下降,6.31e-05,68.73355999999872
1976,不久,6.31e-05,68.73986999999872
1977,东部,6.31e-05,68.74617999999872
1978,两种,6.31e-05,68.75248999999872
1979,乡村,6.31e-05,68.75879999999871
1980,信仰,6.31e-05,68.76510999999871
1981,先后,6.31e-05,68.77141999999871
1982,决议,6.31e-05,68.7777299999987
1983,原本,6.31e-05,68.7840399999987
1984,及时,6.31e-05,68.7903499999987
1985,可怕,6.31e-05,68.7966599999987
1986,合理,6.31e-05,68.8029699999987
1987,地址,6.31e-05,68.8092799999987
1988,增强,6.31e-05,68.81558999999869
1989,大学生,6.31e-05,68.82189999999869
1990,女生,6.31e-05,68.82820999999869
1991,如下,6.31e-05,68.83451999999869
1992,妹妹,6.31e-05,68.84082999999869
1993,室,6.31e-05,68.84713999999869
1994,尚未,6.31e-05,68.85344999999869
1995,工资,6.31e-05,68.85975999999869
1996,府,6.31e-05,68.86606999999869
1997,弄,6.31e-05,68.87237999999869
1998,意,6.31e-05,68.87868999999867
1999,成果,6.31e-05,68.88499999999867
2000,所有人,6.31e-05,68.89130999999867
2001,抢,6.31e-05,68.89761999999867
2002,掌握,6.31e-05,68.90392999999867
2003,收集,6.31e-05,68.91023999999867
2004,暴力,6.31e-05,68.91654999999867
2005,期待,6.31e-05,68.92285999999866
2006,物,6.31e-05,68.92916999999866
2007,生存,6.31e-05,68.93547999999866
2008,留,6.31e-05,68.94178999999866
2009,知,6.31e-05,68.94809999999866
2010,罪,6.31e-05,68.95440999999866
2011,股,6.31e-05,68.96071999999866
2012,要是,6.31e-05,68.96702999999866
2013,费,6.31e-05,68.97333999999866
2014,赢得,6.31e-05,68.97964999999864
2015,马来西亚,6.31e-05,68.98595999999864
2016,at,6.17e-05,68.99212999999865
2017,为主,6.17e-05,68.99829999999866
2018,分子,6.17e-05,69.00446999999866
2019,办理,6.17e-05,69.01063999999867
2020,动态,6.17e-05,69.01680999999867
2021,发射,6.17e-05,69.02297999999868
2022,可爱,6.17e-05,69.02914999999868
2023,启动,6.17e-05,69.03531999999869
2024,在线,6.17e-05,69.04148999999869
2025,地理,6.17e-05,69.0476599999987
2026,外交,6.17e-05,69.05382999999871
2027,大小,6.17e-05,69.05999999999871
2028,婚姻,6.17e-05,69.06616999999872
2029,将军,6.17e-05,69.07233999999872
2030,布,6.17e-05,69.07850999999873
2031,总结,6.17e-05,69.08467999999873
2032,情,6.17e-05,69.09084999999874
2033,成熟,6.17e-05,69.09701999999875
2034,政党,6.17e-05,69.10318999999875
2035,数学,6.17e-05,69.10935999999876
2036,替,6.17e-05,69.11552999999876
2037,有着,6.17e-05,69.12169999999877
2038,条例,6.17e-05,69.12786999999877
2039,林,6.17e-05,69.13403999999878
2040,植物,6.17e-05,69.14020999999877
2041,深入,6.17e-05,69.14637999999879
2042,现代化,6.17e-05,69.1525499999988
2043,电力,6.17e-05,69.1587199999988
2044,看法,6.17e-05,69.1648899999988
2045,科学家,6.17e-05,69.1710599999988
2046,突破,6.17e-05,69.17722999999881
2047,简直,6.17e-05,69.18339999999881
2048,简称,6.17e-05,69.18956999999882
2049,航空,6.17e-05,69.19573999999884
2050,英,6.17e-05,69.20190999999883
2051,讨厌,6.17e-05,69.20807999999884
2052,证券,6.17e-05,69.21424999999884
2053,请求,6.17e-05,69.22041999999885
2054,财政,6.17e-05,69.22658999999885
2055,走向,6.17e-05,69.23275999999886
2056,达成,6.17e-05,69.23892999999886
2057,这一,6.17e-05,69.24509999999887
2058,进来,6.17e-05,69.25126999999888
2059,追求,6.17e-05,69.25743999999888
2060,逻辑,6.17e-05,69.26360999999889
2061,集体,6.17e-05,69.26977999999889
2062,顺利,6.17e-05,69.2759499999989
2063,骂,6.17e-05,69.2821199999989
2064,麻烦,6.17e-05,69.28828999999891
2065,一座,6.03e-05,69.2943199999989
2066,业,6.03e-05,69.30034999999891
2067,乐,6.03e-05,69.30637999999891
2068,云南,6.03e-05,69.31240999999892
2069,人家,6.03e-05,69.31843999999892
2070,伦敦,6.03e-05,69.32446999999891
2071,党员,6.03e-05,69.33049999999892
2072,具备,6.03e-05,69.33652999999892
2073,厅,6.03e-05,69.34255999999893
2074,厉害,6.03e-05,69.34858999999892
2075,司机,6.03e-05,69.35461999999892
2076,周围,6.03e-05,69.36064999999893
2077,咨询,6.03e-05,69.36667999999892
2078,多久,6.03e-05,69.37270999999893
2079,大众,6.03e-05,69.37873999999893
2080,平,6.03e-05,69.38476999999892
2081,意大利,6.03e-05,69.39079999999893
2082,愿,6.03e-05,69.39682999999893
2083,提醒,6.03e-05,69.40285999999894
2084,暂时,6.03e-05,69.40888999999893
2085,歌,6.03e-05,69.41491999999894
2086,沟通,6.03e-05,69.42094999999894
2087,特定,6.03e-05,69.42697999999893
2088,猜,6.03e-05,69.43300999999894
2089,策略,6.03e-05,69.43903999999894
2090,船,6.03e-05,69.44506999999895
2091,菲律宾,6.03e-05,69.45109999999895
2092,转变,6.03e-05,69.45712999999894
2093,边,6.03e-05,69.46315999999895
2094,违反,6.03e-05,69.46918999999895
2095,释放,6.03e-05,69.47521999999896
2096,预计,6.03e-05,69.48124999999895
2097,鬼,6.03e-05,69.48727999999895
2098,facebook,5.89e-05,69.49316999999895
2099,一半,5.89e-05,69.49905999999895
2100,一致,5.89e-05,69.50494999999894
2101,丢,5.89e-05,69.51083999999894
2102,九,5.89e-05,69.51672999999894
2103,传说,5.89e-05,69.52261999999894
2104,全体,5.89e-05,69.52850999999893
2105,刺激,5.89e-05,69.53439999999893
2106,协调,5.89e-05,69.54028999999893
2107,哪些,5.89e-05,69.54617999999893
2108,哲学,5.89e-05,69.55206999999892
2109,四川,5.89e-05,69.55795999999891
2110,国会,5.89e-05,69.56384999999892
2111,士兵,5.89e-05,69.56973999999892
2112,大多,5.89e-05,69.57562999999891
2113,奇怪,5.89e-05,69.5815199999989
2114,差异,5.89e-05,69.58740999999891
2115,市民,5.89e-05,69.5932999999989
2116,幸运,5.89e-05,69.5991899999989
2117,感,5.89e-05,69.60507999999889
2118,承担,5.89e-05,69.6109699999989
2119,收购,5.89e-05,69.6168599999989
2120,收费,5.89e-05,69.62274999999889
2121,日常,5.89e-05,69.62863999999888
2122,星期,5.89e-05,69.63452999999889
2123,每次,5.89e-05,69.64041999999888
2124,治理,5.89e-05,69.64630999999888
2125,消费者,5.89e-05,69.65219999999887
2126,猪,5.89e-05,69.65808999999888
2127,理想,5.89e-05,69.66397999999887
2128,看起来,5.89e-05,69.66986999999887
2129,签署,5.89e-05,69.67575999999886
2130,美女,5.89e-05,69.68164999999887
2131,落实,5.89e-05,69.68753999999886
2132,血,5.89e-05,69.69342999999886
2133,装备,5.89e-05,69.69931999999885
2134,解放,5.89e-05,69.70520999999886
2135,警告,5.89e-05,69.71109999999885
2136,退出,5.89e-05,69.71698999999884
2137,适用,5.89e-05,69.72287999999884
2138,酒,5.89e-05,69.72876999999885
2139,°,5.75e-05,69.73451999999884
2140,─,5.75e-05,69.74026999999884
2141,亿美元,5.75e-05,69.74601999999885
2142,以外,5.75e-05,69.75176999999886
2143,作战,5.75e-05,69.75751999999886
2144,俄国,5.75e-05,69.76326999999887
2145,保险,5.75e-05,69.76901999999887
2146,全民,5.75e-05,69.77476999999888
2147,到处,5.75e-05,69.78051999999889
2148,前进,5.75e-05,69.78626999999888
2149,化学,5.75e-05,69.79201999999889
2150,博物馆,5.75e-05,69.79776999999889
2151,占领,5.75e-05,69.8035199999989
2152,发起,5.75e-05,69.8092699999989
2153,同一,5.75e-05,69.81501999999891
2154,命,5.75e-05,69.82076999999892
2155,年底,5.75e-05,69.82651999999891
2156,当选,5.75e-05,69.83226999999891
2157,心中,5.75e-05,69.83801999999892
2158,想起,5.75e-05,69.84376999999893
2159,房,5.75e-05,69.84951999999893
2160,提到,5.75e-05,69.85526999999894
2161,摄影,5.75e-05,69.86101999999894
2162,日报,5.75e-05,69.86676999999895
2163,明星,5.75e-05,69.87251999999896
2164,法庭,5.75e-05,69.87826999999895
2165,皇帝,5.75e-05,69.88401999999896
2166,相互,5.75e-05,69.88976999999896
2167,相应,5.75e-05,69.89551999999897
2168,破,5.75e-05,69.90126999999897
2169,票,5.75e-05,69.90701999999898
2170,立刻,5.75e-05,69.91276999999899
2171,结论,5.75e-05,69.91851999999898
2172,色,5.75e-05,69.92426999999898
2173,藏,5.75e-05,69.93001999999899
2174,表明,5.75e-05,69.935769999999
2175,记忆,5.75e-05,69.941519999999
2176,试验,5.75e-05,69.94726999999901
2177,输,5.75e-05,69.95301999999901
2178,随时,5.75e-05,69.95876999999902
2179,韩,5.75e-05,69.96451999999903
2180,app,5.62e-05,69.97013999999902
2181,一生,5.62e-05,69.97575999999901
2182,主持,5.62e-05,69.981379999999
2183,事故,5.62e-05,69.986999999999
2184,事物,5.62e-05,69.992619999999
2185,伊朗,5.62e-05,69.99823999999899
2186,具,5.62e-05,70.00385999999898
2187,分为,5.62e-05,70.00947999999897
2188,反而,5.62e-05,70.01509999999898
2189,坐在,5.62e-05,70.02071999999897
2190,基,5.62e-05,70.02633999999897
2191,大规模,5.62e-05,70.03195999999896
2192,安装,5.62e-05,70.03757999999895
2193,将会,5.62e-05,70.04319999999895
2194,希腊,5.62e-05,70.04881999999894
2195,年轻人,5.62e-05,70.05443999999895
2196,总部,5.62e-05,70.06005999999894
2197,改造,5.62e-05,70.06567999999893
2198,更是,5.62e-05,70.07129999999893
2199,本地,5.62e-05,70.07691999999892
2200,气,5.62e-05,70.08253999999891
2201,浙江,5.62e-05,70.08815999999891
2202,海军,5.62e-05,70.0937799999989
2203,满,5.62e-05,70.0993999999989
2204,热情,5.62e-05,70.1050199999989
2205,牺牲,5.62e-05,70.1106399999989
2206,睡觉,5.62e-05,70.11625999999889
2207,空气,5.62e-05,70.12187999999888
2208,编,5.62e-05,70.12749999999888
2209,职务,5.62e-05,70.13311999999887
2210,股东,5.62e-05,70.13873999999886
2211,街道,5.62e-05,70.14435999999887
2212,袭击,5.62e-05,70.14997999999886
2213,轻,5.62e-05,70.15559999999886
2214,连接,5.62e-05,70.16121999999885
2215,首,5.62e-05,70.16683999999884
2216,一片,5.5e-05,70.17233999999884
2217,一系列,5.5e-05,70.17783999999885
2218,两位,5.5e-05,70.18333999999885
2219,仅仅,5.5e-05,70.18883999999885
2220,公主,5.5e-05,70.19433999999886
2221,十,5.5e-05,70.19983999999886
2222,卫星,5.5e-05,70.20533999999886
2223,器,5.5e-05,70.21083999999887
2224,固定,5.5e-05,70.21633999999887
2225,圈,5.5e-05,70.22183999999886
2226,垃圾,5.5e-05,70.22733999999888
2227,好看,5.5e-05,70.23283999999887
2228,学术,5.5e-05,70.23833999999887
2229,对外,5.5e-05,70.24383999999888
2230,常常,5.5e-05,70.24933999999888
2231,归,5.5e-05,70.2548399999989
2232,怪,5.5e-05,70.26033999999889
2233,抱,5.5e-05,70.26583999999889
2234,旅行,5.5e-05,70.2713399999989
2235,晚,5.5e-05,70.2768399999989
2236,有所,5.5e-05,70.2823399999989
2237,校长,5.5e-05,70.28783999999891
2238,档案,5.5e-05,70.2933399999989
2239,欧盟,5.5e-05,70.2988399999989
2240,款,5.5e-05,70.30433999999892
2241,此次,5.5e-05,70.30983999999891
2242,河,5.5e-05,70.31533999999891
2243,满意,5.5e-05,70.32083999999892
2244,环保,5.5e-05,70.32633999999892
2245,矛盾,5.5e-05,70.33183999999892
2246,种种,5.5e-05,70.33733999999893
2247,紧急,5.5e-05,70.34283999999893
2248,美好,5.5e-05,70.34833999999893
2249,草,5.5e-05,70.35383999999894
2250,谈判,5.5e-05,70.35933999999894
2251,车辆,5.5e-05,70.36483999999894
2252,这场,5.5e-05,70.37033999999895
2253,阶级,5.5e-05,70.37583999999895
2254,高速,5.5e-05,70.38133999999894
2255,黑暗,5.5e-05,70.38683999999895
2256,k,5.37e-05,70.39220999999895
2257,www,5.37e-05,70.39757999999895
2258,两人,5.37e-05,70.40294999999897
2259,乌克兰,5.37e-05,70.40831999999897
2260,亲,5.37e-05,70.41368999999898
2261,今晚,5.37e-05,70.41905999999898
2262,休息,5.37e-05,70.42442999999898
2263,优惠,5.37e-05,70.42979999999899
2264,供应,5.37e-05,70.43516999999899
2265,信任,5.37e-05,70.440539999999
2266,充分,5.37e-05,70.445909999999
2267,八,5.37e-05,70.451279999999
2268,剩下,5.37e-05,70.45664999999902
2269,发明,5.37e-05,70.46201999999901
2270,吨,5.37e-05,70.46738999999901
2271,呼吁,5.37e-05,70.47275999999903
2272,回应,5.37e-05,70.47812999999903
2273,大师,5.37e-05,70.48349999999903
2274,夫人,5.37e-05,70.48886999999904
2275,奴隶,5.37e-05,70.49423999999904
2276,对话,5.37e-05,70.49960999999905
2277,患者,5.37e-05,70.50497999999905
2278,情报,5.37e-05,70.51034999999905
2279,房间,5.37e-05,70.51571999999906
2280,执政,5.37e-05,70.52108999999906
2281,指数,5.37e-05,70.52645999999908
2282,探索,5.37e-05,70.53182999999908
2283,接着,5.37e-05,70.53719999999907
2284,搜索,5.37e-05,70.54256999999909
2285,朝,5.37e-05,70.54793999999909
2286,校园,5.37e-05,70.55330999999909
2287,棒,5.37e-05,70.5586799999991
2288,每日,5.37e-05,70.5640499999991
2289,法官,5.37e-05,70.5694199999991
2290,海洋,5.37e-05,70.57478999999911
2291,独特,5.37e-05,70.58015999999911
2292,猫,5.37e-05,70.58552999999912
2293,登记,5.37e-05,70.59089999999912
2294,真相,5.37e-05,70.59626999999912
2295,而言,5.37e-05,70.60163999999914
2296,能量,5.37e-05,70.60700999999914
2297,试,5.37e-05,70.61237999999915
2298,话题,5.37e-05,70.61774999999915
2299,课,5.37e-05,70.62311999999915
2300,身,5.37e-05,70.62848999999916
2301,选手,5.37e-05,70.63385999999916
2302,飞行,5.37e-05,70.63922999999916
2303,黄金,5.37e-05,70.64459999999917
2304,de,5.25e-05,70.64984999999918
2305,上升,5.25e-05,70.65509999999917
2306,不该,5.25e-05,70.66034999999917
2307,五年,5.25e-05,70.66559999999917
2308,倾向,5.25e-05,70.67084999999918
2309,公,5.25e-05,70.67609999999918
2310,分配,5.25e-05,70.68134999999917
2311,利润,5.25e-05,70.68659999999917
2312,前面,5.25e-05,70.69184999999918
2313,可见,5.25e-05,70.69709999999918
2314,吃饭,5.25e-05,70.70234999999919
2315,各自,5.25e-05,70.70759999999919
2316,呈现,5.25e-05,70.71284999999918
2317,回去,5.25e-05,70.71809999999918
2318,地铁,5.25e-05,70.72334999999919
2319,好处,5.25e-05,70.72859999999919
2320,姑娘,5.25e-05,70.7338499999992
2321,年间,5.25e-05,70.73909999999918
2322,必然,5.25e-05,70.74434999999919
2323,想象,5.25e-05,70.74959999999919
2324,戴,5.25e-05,70.7548499999992
2325,手术,5.25e-05,70.7600999999992
2326,托,5.25e-05,70.76534999999919
2327,有限,5.25e-05,70.77059999999919
2328,河南,5.25e-05,70.7758499999992
2329,流行,5.25e-05,70.7810999999992
2330,澳大利亚,5.25e-05,70.7863499999992
2331,灵魂,5.25e-05,70.79159999999919
2332,爱国,5.25e-05,70.7968499999992
2333,电台,5.25e-05,70.8020999999992
2334,知名,5.25e-05,70.8073499999992
2335,纪录,5.25e-05,70.81259999999921
2336,纷纷,5.25e-05,70.81784999999921
2337,群体,5.25e-05,70.8230999999992
2338,股票,5.25e-05,70.8283499999992
2339,腿,5.25e-05,70.83359999999921
2340,自从,5.25e-05,70.83884999999921
2341,苏,5.25e-05,70.84409999999922
2342,药,5.25e-05,70.8493499999992
2343,荷兰,5.25e-05,70.85459999999921
2344,装置,5.25e-05,70.85984999999921
2345,观看,5.25e-05,70.86509999999922
2346,证实,5.25e-05,70.87034999999922
2347,谈话,5.25e-05,70.87559999999922
2348,资讯,5.25e-05,70.88084999999921
2349,路上,5.25e-05,70.88609999999922
2350,辖,5.25e-05,70.89134999999922
2351,运作,5.25e-05,70.89659999999922
2352,进攻,5.25e-05,70.90184999999923
2353,透过,5.25e-05,70.90709999999922
2354,那时,5.25e-05,70.91234999999922
2355,预期,5.25e-05,70.91759999999923
2356,题,5.25e-05,70.92284999999923
2357,f,5.13e-05,70.92797999999922
2358,new,5.13e-05,70.93310999999922
2359,é,5.13e-05,70.93823999999923
2360,一级,5.13e-05,70.94336999999922
2361,一面,5.13e-05,70.94849999999921
2362,不如,5.13e-05,70.95362999999921
2363,不必,5.13e-05,70.95875999999922
2364,不满,5.13e-05,70.96388999999921
2365,产量,5.13e-05,70.9690199999992
2366,保留,5.13e-05,70.9741499999992
2367,其他人,5.13e-05,70.9792799999992
2368,加速,5.13e-05,70.9844099999992
2369,印象,5.13e-05,70.9895399999992
2370,可惜,5.13e-05,70.99466999999919
2371,哈,5.13e-05,70.9997999999992
2372,圣,5.13e-05,71.00492999999919
2373,坚决,5.13e-05,71.01005999999919
2374,射,5.13e-05,71.01518999999918
2375,将来,5.13e-05,71.02031999999919
2376,小心,5.13e-05,71.02544999999918
2377,慢慢,5.13e-05,71.03057999999918
2378,成都,5.13e-05,71.03570999999917
2379,户,5.13e-05,71.04083999999918
2380,排名,5.13e-05,71.04596999999917
2381,本质,5.13e-05,71.05109999999917
2382,条约,5.13e-05,71.05622999999916
2383,欲,5.13e-05,71.06135999999917
2384,流,5.13e-05,71.06648999999916
2385,游客,5.13e-05,71.07161999999916
2386,看过,5.13e-05,71.07674999999915
2387,秘书,5.13e-05,71.08187999999916
2388,约翰,5.13e-05,71.08700999999915
2389,罗马,5.13e-05,71.09213999999915
2390,老人,5.13e-05,71.09726999999914
2391,虽,5.13e-05,71.10239999999915
2392,表面,5.13e-05,71.10752999999914
2393,诗,5.13e-05,71.11265999999914
2394,负责人,5.13e-05,71.11778999999913
2395,逮捕,5.13e-05,71.12291999999914
2396,铁,5.13e-05,71.12804999999913
2397,陪,5.13e-05,71.13317999999913
2398,鸟,5.13e-05,71.13830999999912
2399,world,5.01e-05,71.14331999999914
2400,万人,5.01e-05,71.14832999999913
2401,交给,5.01e-05,71.15333999999915
2402,代,5.01e-05,71.15834999999915
2403,仪式,5.01e-05,71.16335999999916
2404,停,5.01e-05,71.16836999999916
2405,共和国,5.01e-05,71.17337999999917
2406,兴奋,5.01e-05,71.17838999999917
2407,利,5.01e-05,71.18339999999918
2408,到达,5.01e-05,71.18840999999918
2409,华,5.01e-05,71.19341999999918
2410,厕所,5.01e-05,71.19842999999919
2411,发达,5.01e-05,71.20343999999919
2412,古,5.01e-05,71.2084499999992
2413,同事,5.01e-05,71.2134599999992
2414,巴,5.01e-05,71.21846999999921
2415,建成,5.01e-05,71.22347999999921
2416,弟弟,5.01e-05,71.22848999999923
2417,形势,5.01e-05,71.23349999999922
2418,彼此,5.01e-05,71.23850999999924
2419,房屋,5.01e-05,71.24351999999924
2420,手中,5.01e-05,71.24852999999925
2421,族,5.01e-05,71.25353999999925
2422,日期,5.01e-05,71.25854999999926
2423,星,5.01e-05,71.26355999999926
2424,是从,5.01e-05,71.26856999999927
2425,智慧,5.01e-05,71.27357999999927
2426,欣赏,5.01e-05,71.27858999999927
2427,此时,5.01e-05,71.28359999999928
2428,治,5.01e-05,71.28860999999928
2429,消灭,5.01e-05,71.2936199999993
2430,湖南,5.01e-05,71.29862999999929
2431,熟悉,5.01e-05,71.3036399999993
2432,犯,5.01e-05,71.3086499999993
2433,现有,5.01e-05,71.31365999999932
2434,生长,5.01e-05,71.31866999999932
2435,皮肤,5.01e-05,71.32367999999933
2436,立,5.01e-05,71.32868999999933
2437,等级,5.01e-05,71.33369999999934
2438,舞台,5.01e-05,71.33870999999934
2439,著作,5.01e-05,71.34371999999935
2440,观念,5.01e-05,71.34872999999935
2441,评估,5.01e-05,71.35373999999935
2442,象征,5.01e-05,71.35874999999936
2443,负,5.01e-05,71.36375999999936
2444,重建,5.01e-05,71.36876999999937
2445,领土,5.01e-05,71.37377999999937
2446,饭,5.01e-05,71.37878999999938
2447,鸡,5.01e-05,71.38379999999938
2448,黑色,5.01e-05,71.3888099999994
2449,上来,4.9e-05,71.39370999999939
2450,不得不,4.9e-05,71.39860999999938
2451,主人,4.9e-05,71.40350999999939
2452,伤,4.9e-05,71.40840999999938
2453,你好,4.9e-05,71.41330999999937
2454,依,4.9e-05,71.41820999999938
2455,信心,4.9e-05,71.42310999999937
2456,候选人,4.9e-05,71.42800999999936
2457,做好,4.9e-05,71.43290999999937
2458,决策,4.9e-05,71.43780999999936
2459,创建,4.9e-05,71.44270999999935
2460,医学,4.9e-05,71.44760999999934
2461,受害者,4.9e-05,71.45250999999935
2462,吓,4.9e-05,71.45740999999934
2463,唱,4.9e-05,71.46230999999933
2464,嘴,4.9e-05,71.46720999999934
2465,失望,4.9e-05,71.47210999999933
2466,女士,4.9e-05,71.47700999999932
2467,学科,4.9e-05,71.48190999999933
2468,平衡,4.9e-05,71.48680999999932
2469,很少,4.9e-05,71.49170999999932
2470,得以,4.9e-05,71.49660999999932
2471,心情,4.9e-05,71.50150999999931
2472,思维,4.9e-05,71.5064099999993
2473,推特,4.9e-05,71.51130999999931
2474,撤销,4.9e-05,71.5162099999993
2475,旁边,4.9e-05,71.5211099999993
2476,早就,4.9e-05,71.5260099999993
2477,模型,4.9e-05,71.5309099999993
2478,欧,4.9e-05,71.53580999999929
2479,气候,4.9e-05,71.54070999999928
2480,浪费,4.9e-05,71.54560999999929
2481,混乱,4.9e-05,71.55050999999928
2482,目,4.9e-05,71.55540999999927
2483,相比,4.9e-05,71.56030999999928
2484,祖国,4.9e-05,71.56520999999927
2485,等于,4.9e-05,71.57010999999926
2486,经理,4.9e-05,71.57500999999927
2487,腐败,4.9e-05,71.57990999999926
2488,视为,4.9e-05,71.58480999999925
2489,认证,4.9e-05,71.58970999999926
2490,记载,4.9e-05,71.59460999999925
2491,质,4.9e-05,71.59950999999924
2492,通讯,4.9e-05,71.60440999999923
2493,造,4.9e-05,71.60930999999924
2494,防止,4.9e-05,71.61420999999923
2495,须,4.9e-05,71.61910999999922
2496,一个月,4.79e-05,71.62389999999922
2497,一块,4.79e-05,71.62868999999922
2498,一路,4.79e-05,71.63347999999922
2499,上传,4.79e-05,71.63826999999922
2500,上午,4.79e-05,71.64305999999922
